CVE-2023-52915
4.15
4.20
5.5
5.11
5.16
6.2
CVE-2024-45006
4.15
4.20
5.5
5.11
5.16
6.2
6.7
CVE-2024-45005
6.2
6.7
CVE-2024-45004
6.10
CVE-2024-45003
4.13
5.5
5.11
5.16
6.2
6.7
CVE-2024-45002
5.17
6.2
6.7
CVE-2024-45001
6.4
6.7
CVE-2024-45000
5.17
6.2
6.7
CVE-2024-44999
4.7
4.20
5.5
5.11
5.16
6.2
6.7
CVE-2024-44998
2.6.12
4.20
5.5
5.11
5.16
6.2
6.7
CVE-2024-44997
6.2
6.7
CVE-2024-44996
6.4
6.7
CVE-2024-44995
4.15
5.5
5.11
5.16
6.2
6.7
CVE-2024-44994
6.9
CVE-2024-44993
6.8
CVE-2024-44992
6.10
CVE-2024-44991
6.1
6.2
6.7
CVE-2024-44990
5.9
5.11
5.16
6.2
6.7
CVE-2024-44989
5.9
5.11
5.16
6.2
6.7
CVE-2024-44988
4.19.21
4.20.8
5.0
5.5
5.11
5.16
6.2
6.7
CVE-2024-44987
2.6.32
4.20
5.5
5.11
5.16
6.2
6.7
CVE-2024-44986
5.14
5.16
6.2
6.7
CVE-2024-44985
5.15
5.16
6.2
6.7
CVE-2024-44984
6.6
6.7
CVE-2024-44983
5.13
5.16
6.2
6.7
CVE-2024-44982
4.19
5.16
6.2
6.7
CVE-2024-44981
6.10
CVE-2024-44980
6.8
CVE-2024-44979
6.8
CVE-2024-44978
6.8
CVE-2024-44976
6.10
CVE-2024-44975
6.7
CVE-2024-44974
5.7
6.7
CVE-2024-44973
6.8
CVE-2024-44972
6.7
CVE-2024-44971
5.10
5.11
5.16
6.2
6.7
CVE-2024-44970
6.2
6.7
CVE-2024-44969
4.20
5.5
5.11
5.16
6.2
6.7
CVE-2024-44968
6.1.103
6.6.44
6.10.3
CVE-2024-44967
6.0
6.2
6.7
CVE-2024-44966
5.13
5.16
6.2
6.7
CVE-2024-44965
4.19
4.20
5.5
5.11
5.16
6.2
6.7
CVE-2024-44964
6.7
CVE-2024-44962
6.7
CVE-2024-44961
6.7
CVE-2024-44960
3.17
4.5
4.10
4.15
4.20
5.4
5.5
5.11
5.16
6.2
6.7
CVE-2024-44959
6.6.31
6.8.10
6.9
CVE-2024-44958
4.14.86
4.19.7
4.20
5.16
6.2
6.7
CVE-2024-44957
6.7
CVE-2024-44954
5.5
5.16
6.2
6.7
CVE-2024-44953
6.8
CVE-2024-44951
6.1.76
6.6.15
6.7.3
6.8
CVE-2024-44950
3.16
CVE-2024-44949
6.7
CVE-2024-44947
2.6.36
4.20
5.5
5.11
5.16
6.2
6.7
CVE-2024-44946
4.6
6.2
6.7
CVE-2024-44945
6.10
CVE-2022-48944
5.15.3
5.16
CVE-2024-44944
5.2
5.5
5.11
5.16
6.2
6.7
CVE-2021-4442
3.5
4.20
5.5
5.11
CVE-2024-44943
6.6
6.7
CVE-2024-44942
6.7
CVE-2024-44941
6.7
CVE-2024-44940
6.7
CVE-2024-44939
6.7
CVE-2024-44938
6.7
CVE-2024-44937
6.8
CVE-2024-44936
6.9
CVE-2024-44935
5.0
5.5
5.11
5.16
6.2
6.7
CVE-2024-44934
5.10
5.16
6.2
6.7
CVE-2024-44932
6.7
CVE-2024-44931
6.7
CVE-2024-43914
4.20
5.5
5.11
5.16
6.2
6.7
CVE-2024-43912
6.2
6.7
CVE-2024-43910
6.8
CVE-2024-43909
5.16
6.2
6.7
CVE-2024-43908
5.5
5.11
5.16
6.2
6.7
CVE-2024-43907
5.11
5.16
6.2
6.7
CVE-2024-43906
6.7
CVE-2024-43905
6.2
6.7
CVE-2024-43902
5.16
6.2
6.7
CVE-2024-43900
6.2
6.7
CVE-2024-43897
5.15.165
6.6.44
6.10.3
CVE-2024-43896
6.9
CVE-2024-43895
6.2
6.7
CVE-2024-43894
5.3
5.5
5.11
5.16
6.2
6.7
CVE-2024-43893
4.20
5.5
5.11
5.16
6.2
6.7
CVE-2024-43892
4.7
6.7
CVE-2024-43891
6.6.33
6.9
CVE-2024-43890
4.7
4.20
5.5
5.11
5.16
6.2
6.7
CVE-2024-43889
5.8
5.11
5.16
6.2
6.7
CVE-2024-43888
6.8
CVE-2024-43887
6.7
CVE-2024-43884
4.3
CVE-2022-48943
5.11
5.16
CVE-2022-48942
5.8
5.11
5.16
CVE-2022-48941
5.11
5.16
CVE-2022-48940
5.15
5.16
CVE-2022-48939
5.6
5.11
5.16
CVE-2022-48938
5.11
5.16
CVE-2022-48937
5.7
5.11
5.16
CVE-2022-48935
4.20
5.5
5.11
5.16
CVE-2022-48934
5.1
5.5
5.11
5.16
CVE-2022-48933
5.4
5.5
5.11
5.16
CVE-2022-48932
5.16
CVE-2022-48931
2.6.16
4.10
4.15
4.20
5.5
5.11
5.16
CVE-2022-48930
3.8
4.10
4.15
4.20
5.5
5.11
5.16
CVE-2022-48929
5.15.15
5.16.1
CVE-2022-48928
3.15
4.10
4.15
4.20
5.5
5.11
5.16
CVE-2022-48927
5.14
5.16
CVE-2022-48926
4.6
4.10
4.15
4.20
5.5
5.11
5.16
CVE-2022-48925
5.10
5.11
5.16
CVE-2022-48924
4.14
4.15
4.20
5.5
5.11
5.16
CVE-2022-48923
5.16
CVE-2022-48922
5.9
5.11
5.16
CVE-2022-48921
5.10.80
5.14.19
5.15.3
5.16
CVE-2022-48920
5.16
CVE-2022-48919
4.10
4.15
4.20
5.5
5.11
5.16
CVE-2022-48918
5.12
5.16
CVE-2022-48905
4.18
4.20
5.5
5.11
5.16
CVE-2022-48904
5.12
5.16
CVE-2022-48903
5.12
5.16
CVE-2022-48902
5.16
CVE-2022-48901
5.16
CVE-2021-4441
5.2
5.5
5.11
5.16
CVE-2023-52914
6.0
CVE-2023-52913
5.8.11
5.10
CVE-2023-52911
5.19.17
6.0.3
6.1
CVE-2023-52910
5.11
5.16
CVE-2023-52909
5.19
CVE-2023-52908
6.0.9
6.1.5
CVE-2023-52907
3.1
4.15
4.20
5.5
5.11
5.16
CVE-2023-52906
5.3
5.5
5.11
5.16
CVE-2023-52905
5.15
CVE-2023-52903
5.11
5.16
CVE-2023-52902
6.1
CVE-2023-52901
3.15
4.15
4.20
5.5
5.11
5.16
CVE-2023-52900
4.15
4.20
5.5
5.11
5.16
CVE-2023-52899
4.20
5.5
5.11
5.16
CVE-2023-52898
4.20
5.5
5.11
5.16
CVE-2023-52897
6.1
CVE-2023-52896
5.4.178
5.10.99
5.15.22
5.17
CVE-2023-52894
4.15
4.20
5.5
5.11
5.16
CVE-2023-52893
3.0
4.15
4.20
5.5
5.11
5.16
CVE-2022-48899
4.4
4.20
5.5
5.11
5.16
CVE-2022-48898
5.10
5.11
5.16
CVE-2022-48897
5.19
CVE-2022-48896
5.0
5.5
5.11
5.16
CVE-2022-48895
6.1
CVE-2022-48894
6.1
CVE-2022-48892
5.15
5.16
CVE-2022-48891
4.15
4.20
5.5
5.11
5.16
CVE-2022-48890
5.17
CVE-2022-48889
5.17
CVE-2022-48888
5.19
CVE-2022-48887
4.20
CVE-2022-48886
6.0
CVE-2022-48885
6.0
CVE-2022-48884
5.18
CVE-2022-48882
6.1
CVE-2022-48881
5.18
CVE-2022-48879
4.19.142
5.4.61
5.9
5.11
5.16
CVE-2022-48878
5.8
5.11
5.16
CVE-2022-48877
4.15
4.20
5.5
5.11
5.16
CVE-2022-48876
6.1
CVE-2022-48875
5.11
5.16
CVE-2022-48874
5.18
CVE-2022-48873
5.2
5.5
5.11
5.16
CVE-2022-48872
5.1
5.5
5.11
5.16
CVE-2022-48871
5.7
5.11
5.16
CVE-2022-48870
5.12
5.16
CVE-2022-48869
5.3
5.5
5.11
5.16
CVE-2022-48868
5.15
5.16
CVE-2022-48867
5.19
CVE-2024-43882
4.20
5.5
5.11
5.16
6.2
6.7
CVE-2024-43874
6.9
CVE-2024-43873
5.14
5.16
6.2
6.7
CVE-2024-43872
4.16
CVE-2024-43871
4.10
4.20
5.5
5.11
5.16
6.2
6.7
CVE-2024-43866
4.13.16
6.2
6.7
CVE-2024-43863
3.18
5.16
6.2
6.7
CVE-2024-43862
6.9
CVE-2024-43861
4.12
4.20
5.5
5.11
5.16
6.2
6.7
CVE-2024-43860
4.14
4.20
5.5
5.11
5.16
6.2
6.7
CVE-2024-43859
5.17
6.7
CVE-2024-43858
2.6.12
4.20
5.5
5.11
5.16
6.2
6.7
CVE-2024-43857
6.5
CVE-2024-43856
2.6.21
4.20
5.5
5.11
5.16
6.2
6.7
CVE-2024-43855
6.2
6.7
CVE-2024-43854
2.6.27
5.16
6.2
6.7
CVE-2024-43853
4.6
6.2
6.7
CVE-2024-43852
6.7
CVE-2024-43851
6.1.77
6.6.16
6.7.4
6.8
CVE-2024-43850
6.0
6.7
CVE-2024-43849
5.7
6.2
6.7
CVE-2024-43848
6.10
CVE-2024-43847
6.3
6.7
CVE-2024-43846
5.1
6.2
6.7
CVE-2024-43845
6.3
6.7
CVE-2024-43844
6.10
CVE-2024-43843
6.8
CVE-2024-43842
5.16
6.2
6.7
CVE-2024-43841
5.0
6.2
6.7
CVE-2024-43840
6.0
CVE-2024-43839
2.6.37
6.2
6.7
CVE-2024-43838
6.9.8
6.10
CVE-2024-43837
5.18
6.2
6.7
CVE-2024-43836
6.10
CVE-2024-43835
5.0
CVE-2024-43834
5.3.18
5.4.5
5.5
6.2
6.7
CVE-2024-43833
5.19
6.2
6.7
CVE-2024-43829
5.1
6.2
6.7
CVE-2024-43828
5.10
5.11
5.16
6.2
6.7
CVE-2024-43827
6.8
CVE-2024-43825
6.4
6.7
CVE-2024-43824
5.7
CVE-2024-43823
5.10
6.2
6.7
CVE-2024-43822
6.10
CVE-2024-43821
6.2
6.7
CVE-2024-43819
3.4
CVE-2024-43818
6.0
6.2
6.7
CVE-2024-43817
5.12
5.16
6.2
6.7
CVE-2024-43815
6.10
CVE-2024-42320
6.1
6.2
6.7
CVE-2024-42316
6.1
6.2
6.7
CVE-2024-42315
6.2
6.7
CVE-2024-42314
5.16
6.7
CVE-2024-42313
4.13
4.20
5.5
5.11
5.16
6.2
6.7
CVE-2024-42311
4.20
5.5
5.11
5.16
6.2
6.7
CVE-2024-42310
3.3
4.20
5.5
5.11
5.16
6.2
6.7
CVE-2024-42309
3.3
4.20
5.5
5.11
5.16
6.2
6.7
CVE-2024-42307
6.1.85
6.6.26
6.8.5
CVE-2024-42302
5.11
5.16
6.2
6.7
CVE-2024-42301
4.20
5.5
5.11
5.16
6.2
6.7
CVE-2024-42298
6.4
6.7
CVE-2024-42297
6.2
6.7
CVE-2024-42294
6.5
6.7
CVE-2024-42289
4.20
5.5
5.11
5.16
6.2
6.7
CVE-2024-42288
5.5
5.11
5.16
6.2
6.7
CVE-2024-42287
5.4.240
5.10.177
5.15.105
6.1.22
6.2.9
6.3
6.7
CVE-2024-42286
4.20
5.5
5.11
5.16
6.2
6.7
CVE-2024-42285
4.8
4.20
5.5
5.11
5.16
6.2
6.7
CVE-2024-42284
4.1
4.20
5.5
5.11
5.16
6.2
6.7
CVE-2024-42283
5.3
5.5
5.11
5.16
6.2
6.7
CVE-2024-42282
6.10
CVE-2024-42280
2.6.27
4.20
5.5
5.11
5.16
6.2
6.7
CVE-2024-42278
6.6.33
6.9.4
6.10
CVE-2024-42277
5.15.113
6.1.81
6.3.4
6.7
CVE-2024-42272
5.10.221
5.15.162
6.1.96
6.6.36
6.9.7
6.10
CVE-2024-42271
3.4
4.20
5.5
5.11
5.16
6.2
6.7
CVE-2024-42270
5.15
6.2
6.7
CVE-2024-42269
5.15
6.2
6.7
CVE-2024-42268
6.0
6.2
6.7
CVE-2024-42264
6.8
CVE-2024-42263
6.8
CVE-2024-42262
6.8
CVE-2023-52889
4.20
5.5
5.11
5.16
6.2
6.7
CVE-2024-42259
4.9
4.20
5.5
5.11
5.16
6.2
6.7
CVE-2024-42258
6.8
CVE-2024-42257
6.10
CVE-2024-42256
6.10
CVE-2024-42253
6.2
6.7
CVE-2024-42251
6.6
6.7
CVE-2024-42250
6.8
CVE-2024-42249
6.9
CVE-2024-42248
6.5
6.7
CVE-2024-42247
5.6
5.11
5.16
6.2
6.7
CVE-2024-42246
4.17
6.2
6.7
CVE-2024-42245
6.1
6.2
6.7
CVE-2024-42244
3.3
5.11
5.16
6.2
6.7
CVE-2024-42243
5.18
6.7
CVE-2024-42242
6.9
CVE-2024-42241
5.17
6.7
CVE-2024-42240
5.15.163
6.2
6.7
CVE-2024-42239
5.15
6.7
CVE-2024-42238
5.16
6.2
6.7
CVE-2024-42237
5.17
6.2
6.7
CVE-2024-42236
4.20
5.5
5.11
5.16
6.2
6.7
CVE-2024-42235
6.6
6.7
CVE-2024-42234
6.7
CVE-2024-42233
6.9
CVE-2024-42232
4.20
5.5
5.11
5.16
6.2
6.7
CVE-2024-42231
6.7
CVE-2024-42230
5.9
6.2
6.7
CVE-2024-42229
5.11
5.16
6.2
6.7
CVE-2024-42228
6.7
CVE-2024-42225
5.16
6.2
6.7
CVE-2024-42224
4.11
4.20
5.5
5.11
5.16
6.2
6.7
CVE-2024-42223
4.20
5.5
5.11
5.16
6.2
6.7
CVE-2024-42162
5.3
CVE-2024-42161
5.11
5.16
6.2
6.7
CVE-2024-42160
6.2
6.7
CVE-2024-42159
6.2
6.7
CVE-2024-42158
4.11
CVE-2024-42157
4.11
4.20
5.5
5.11
5.16
6.2
6.7
CVE-2024-42156
4.11
CVE-2024-42155
4.11
CVE-2024-42154
3.14
4.20
5.5
5.11
5.16
6.2
6.7
CVE-2024-42153
2.6.20
4.20
5.5
5.11
5.16
6.2
6.7
CVE-2024-42152
4.8
5.11
5.16
6.2
6.7
CVE-2024-42150
6.8.12
6.9
CVE-2024-42149
6.8
CVE-2024-42148
3.3
4.20
5.5
5.11
5.16
6.2
6.7
CVE-2024-42147
6.2
6.7
CVE-2024-42146
6.8
CVE-2024-42145
4.20
5.5
5.11
5.16
6.2
6.7
CVE-2024-42144
6.7
CVE-2024-42142
5.18
6.2
6.7
CVE-2024-42141
6.5.12
6.6
6.7
CVE-2024-42140
5.15.82
6.0.12
6.2
6.7
CVE-2024-42139
5.14
CVE-2024-42138
5.19
6.2
6.7
CVE-2024-42137
5.10.165
5.15.90
6.1.8
6.2
6.7
CVE-2024-42136
6.2
6.7
CVE-2024-42135
6.7
CVE-2024-42133
6.5.12
6.6.2
6.7
CVE-2024-42132
6.5.12
6.6.2
6.7
CVE-2024-42131
4.20
5.5
5.11
5.16
6.2
6.7
CVE-2024-42114
4.18
5.11
5.16
6.2
6.7
CVE-2024-42109
5.15.129
6.1.50
6.5
6.7
CVE-2024-42108
6.8
CVE-2024-42107
5.14
CVE-2024-42106
4.10
4.20
5.5
5.11
5.16
6.2
6.7
CVE-2024-42104
4.20
5.5
5.11
5.16
6.2
6.7
CVE-2024-42102
4.19.307
5.4.269
5.10.210
5.15.149
6.1.79
6.6.18
6.8
CVE-2024-42101
2.6.33
4.20
5.5
5.11
5.16
6.2
6.7
CVE-2024-42094
4.20
5.5
5.11
5.16
6.2
6.7
CVE-2024-42093
5.5
5.11
5.16
6.2
6.7
CVE-2024-42090
3.10
4.20
5.5
5.11
5.16
6.2
6.7
CVE-2024-42089
3.18
4.20
5.5
5.11
5.16
6.2
6.7
CVE-2024-42085
5.15.128
6.1
6.2
6.7
CVE-2024-42083
6.9.1
CVE-2024-42082
4.19
5.11
5.16
6.2
6.7
CVE-2024-42080
5.16
6.2
6.7
CVE-2024-42079
6.7
CVE-2024-42078
6.9
CVE-2024-42077
4.7
5.11
5.16
6.2
6.7
CVE-2024-42076
5.4.1
5.5
5.11
5.16
6.2
6.7
CVE-2024-42075
6.9.1
CVE-2024-42074
6.6.1
6.7
CVE-2024-42073
6.1
6.2
6.7
CVE-2024-42072
6.9
CVE-2024-42071
6.9.1
CVE-2024-42070
3.14
4.20
5.5
5.11
5.16
6.2
6.7
CVE-2024-42069
6.3
6.7
CVE-2024-42068
5.16
6.2
6.7
CVE-2024-42067
6.7
CVE-2024-42063
6.2
6.7
CVE-2024-41098
2.6.24
6.7
CVE-2024-41097
2.6.36
4.20
5.5
5.11
5.16
6.2
6.7
CVE-2024-41096
5.17
6.7
CVE-2024-41095
4.20
5.5
5.11
5.16
6.2
6.7
CVE-2024-41094
6.4
6.7
CVE-2024-41093
5.16
6.2
6.7
CVE-2024-41092
5.8
5.11
5.16
6.2
6.7
CVE-2024-41089
4.20
5.5
5.11
5.16
6.2
6.7
CVE-2024-41088
5.10
6.2
6.7
CVE-2024-41087
4.17
4.20
5.5
5.11
5.16
6.2
6.7
CVE-2024-41085
6.2
CVE-2024-41084
6.4
6.7
CVE-2024-41083
6.8
CVE-2024-41077
5.11
5.16
6.2
6.7
CVE-2024-41076
6.2
6.7
CVE-2024-41073
5.16
6.2
6.7
CVE-2024-41070
5.5
5.11
5.16
6.2
6.7
CVE-2024-41066
6.2
6.7
CVE-2024-41064
5.5
5.11
5.16
6.2
6.7
CVE-2024-41063
4.20
5.5
5.11
5.16
6.2
6.7
CVE-2024-41060
5.16
6.2
6.7
CVE-2024-41059
4.20
5.5
5.11
5.16
6.2
6.7
CVE-2024-41058
5.17
6.2
6.7
CVE-2024-41057
5.17
6.2
6.7
CVE-2024-41055
5.10.219
5.15.149
6.1.76
6.6.15
6.8
CVE-2024-41054
6.5
6.7
CVE-2024-41053
6.6.5
6.7
CVE-2024-41052
6.6.36
6.9.7
CVE-2024-41049
5.4.257
5.10.197
5.15.133
6.1.55
6.6
6.7
CVE-2024-41048
4.20
5.16
6.2
6.7
CVE-2024-41046
3.0
4.20
5.5
5.11
5.16
6.2
6.7
CVE-2024-41040
5.10.43
5.12.10
5.13
5.16
6.2
6.7
CVE-2024-41039
5.16
6.2
6.7
CVE-2024-41038
5.16
6.2
6.7
CVE-2024-41037
6.4
6.7
CVE-2024-41036
6.1.70
6.6.9
6.7
CVE-2024-41028
6.1
6.2
6.7
CVE-2024-41025
6.2
6.7
CVE-2024-41023
4.19.257
5.4.212
5.10
CVE-2024-41014
6.2
6.7
CVE-2024-41012
2.6.13
4.20
5.5
5.11
5.16
6.2
6.7
CVE-2024-41011
5.3
5.5
5.11
5.16
6.7
CVE-2024-41010
6.6
6.7
CVE-2024-41009
5.8
6.2
6.7
CVE-2022-48866
5.13
5.16
CVE-2022-48865
4.8
5.11
5.16
CVE-2022-48864
5.15
5.16
CVE-2022-48863
2.6.27
5.11
5.16
CVE-2022-48862
5.7
5.16
CVE-2022-48861
5.13
5.16
CVE-2022-48860
2.6.34
4.10
4.15
4.20
5.5
5.11
5.16
CVE-2022-48859
5.10
5.16
CVE-2022-48858
5.5
5.11
5.16
CVE-2022-48857
3.13
4.10
4.15
4.20
5.5
5.11
5.16
CVE-2022-48856
4.18
4.20
5.5
5.11
5.16
CVE-2022-48855
4.7
4.10
4.15
4.20
5.5
5.11
5.16
CVE-2022-48854
5.16
CVE-2022-48853
4.10
4.15
4.20
5.5
5.11
5.16
CVE-2022-48852
5.16
CVE-2022-48851
3.12
4.10
4.15
4.20
5.5
5.11
5.16
CVE-2022-48850
4.10
4.15
4.20
5.5
5.11
5.16
CVE-2022-48849
5.16
CVE-2022-48848
5.16
CVE-2022-48847
5.8
5.11
5.16
CVE-2022-48846
5.15
5.16
CVE-2022-48845
4.10
4.15
4.20
5.5
5.11
5.16
CVE-2022-48844
5.16
CVE-2022-48843
5.5
5.11
5.16
CVE-2022-48842
5.16
CVE-2022-48840
5.15.27
5.16.13
CVE-2022-48839
2.6.14
4.10
4.15
4.20
5.5
5.11
5.16
CVE-2022-48838
3.1
4.10
4.15
4.20
5.5
5.11
5.16
CVE-2022-48837
4.9.302
4.14.267
4.19.230
5.4.180
5.10.101
5.15.24
5.16.10
CVE-2022-48836
4.4
4.10
4.15
4.20
5.5
5.11
5.16
CVE-2022-48835
5.10
5.11
5.16
CVE-2022-48834
4.20
5.5
5.11
5.16
CVE-2022-48826
5.16
CVE-2022-48824
5.5
5.11
5.16
CVE-2022-48822
4.9
4.15
4.20
5.5
5.11
5.16
CVE-2022-48820
5.12
5.16
CVE-2022-48809
4.3
4.10
4.15
4.20
5.5
5.11
5.16
CVE-2022-48808
5.15
5.16
CVE-2022-48805
3.9
4.10
4.15
4.20
5.5
5.11
5.16
CVE-2022-48804
4.10
4.15
4.20
5.5
5.11
5.16
CVE-2022-48800
5.16
CVE-2022-48796
5.7
5.11
5.16
CVE-2022-48793
5.13
5.16
CVE-2022-48792
5.11
5.16
CVE-2022-48791
5.11
5.16
CVE-2022-48790
4.20
5.5
5.11
5.16
CVE-2022-48789
5.5
5.11
5.16
CVE-2022-48788
4.20
5.5
5.11
5.16
CVE-2022-48787
4.14.263
4.19.226
5.4.174
5.10.94
5.15.17
5.16.3
CVE-2022-48784
5.12.1
5.16
CVE-2022-48782
5.16
CVE-2022-48781
5.16
CVE-2022-48779
5.16
CVE-2022-48778
5.4.174
5.10.94
5.15.17
5.16.3
CVE-2022-48777
5.12
5.16
CVE-2022-48775
4.15
4.20
5.5
5.11
5.16
CVE-2022-48773
5.11
5.16
CVE-2021-47624
5.16
CVE-2021-47622
5.16
CVE-2023-52886
5.10.171
5.15.97
6.1.15
6.3
6.5
CVE-2024-41007
4.19
5.5
5.11
5.16
6.2
6.7
CVE-2023-52885
4.8
4.15
4.20
5.5
5.11
5.16
6.2
CVE-2024-41006
4.19.272
5.4.231
5.10.166
5.15.91
6.1.9
6.2
6.7
CVE-2024-41002
5.16
6.2
6.7
CVE-2024-41001
6.2
6.7
CVE-2024-41000
5.11
5.16
6.2
6.7
CVE-2024-40997
6.7
CVE-2024-40996
6.1.86
6.6.27
6.9
CVE-2024-40995
4.19
5.5
5.11
5.16
6.2
6.7
CVE-2024-40994
5.14
5.16
6.2
6.7
CVE-2024-40984
2.6.32
4.20
5.5
5.11
5.16
6.2
6.7
CVE-2024-40981
4.20
5.5
5.11
5.16
6.2
6.7
CVE-2024-40980
5.5
5.11
5.16
6.2
6.7
CVE-2024-40977
6.2
6.7
CVE-2024-40973
6.7
CVE-2024-40972
6.2
6.7
CVE-2024-40970
5.16
6.2
6.7
CVE-2024-40969
6.7
CVE-2024-40967
5.16
6.2
6.7
CVE-2024-40964
6.6
6.7
CVE-2024-40962
6.5
6.7
CVE-2024-40961
4.17
5.5
5.11
5.16
6.2
6.7
CVE-2024-40960
2.6.17
4.20
5.5
5.11
5.16
6.2
6.7
CVE-2024-40959
2.6.12
4.20
5.5
5.11
5.16
6.2
6.7
CVE-2024-40958
5.2
5.5
5.11
5.16
6.2
6.7
CVE-2024-40957
5.15
5.16
6.2
6.7
CVE-2024-40956
5.11
5.16
6.2
6.7
CVE-2024-40955
6.5
6.7
CVE-2024-40954
5.12
5.16
6.2
6.7
CVE-2024-40952
6.6
6.7
CVE-2024-40951
6.6
6.7
CVE-2024-40947
5.4.229
5.10.163
5.15.86
6.0.16
6.1.2
6.2
6.7
CVE-2024-40945
5.2
5.5
5.11
5.16
6.7
CVE-2024-40936
6.3
6.7
CVE-2024-40934
5.4.257
5.10.195
5.15.132
6.1.53
6.6
6.7
CVE-2024-40933
6.8
CVE-2024-40932
4.20
5.5
5.11
5.16
6.2
6.7
CVE-2024-40931
5.9
5.11
5.16
6.2
6.7
CVE-2024-40928
6.2
6.7
CVE-2024-40926
6.7
CVE-2024-40919
5.17
6.2
6.7
CVE-2024-40912
3.14
4.20
5.5
5.11
5.16
6.2
6.7
CVE-2024-40911
3.16
5.16
6.2
6.7
CVE-2024-40910
5.18
6.2
6.7
CVE-2024-40909
6.6.26
6.9
CVE-2024-40907
6.9
CVE-2024-40906
6.1
6.2
6.7
CVE-2024-40905
4.2
5.5
5.11
5.16
6.2
6.7
CVE-2024-40904
2.6.28
4.20
5.5
5.11
5.16
6.2
6.7
CVE-2024-40903
6.1.61
6.6.31
6.9
CVE-2024-40902
4.20
5.5
5.11
5.16
6.2
6.7
CVE-2024-40901
4.10
4.20
5.5
5.11
5.16
6.2
6.7
CVE-2024-40899
6.8
CVE-2024-39510
6.8
CVE-2024-39507
5.1
5.16
6.2
6.7
CVE-2024-39506
4.15
4.20
5.5
5.11
5.16
6.2
6.7
CVE-2024-39504
6.2
6.7
CVE-2024-39498
6.7
CVE-2024-39496
6.2
6.7
CVE-2024-39495
5.5
5.11
5.16
6.2
6.7
CVE-2024-39494
6.2
6.7
CVE-2024-39493
4.19.312
5.4.274
5.10.215
5.15.154
6.1.84
6.6.24
6.9
CVE-2024-39492
6.7
CVE-2024-39490
4.12
5.16
6.2
6.7
CVE-2024-39489
4.10
4.20
5.5
5.11
5.16
6.2
6.7
CVE-2024-39487
3.13
4.20
5.5
5.11
5.16
6.2
6.7
CVE-2024-39486
6.6.9
6.7
CVE-2024-39485
6.9
CVE-2024-39484
5.10
5.15
6.1
6.6
6.9
CVE-2024-39483
6.6
6.9
CVE-2024-39482
5.10
5.15
6.1
6.6
6.9
CVE-2024-39481
6.1
6.6
6.9
CVE-2024-39480
4.19
5.4
5.10
5.15
6.1
6.6
6.9
CVE-2024-39479
6.2
6.7
CVE-2024-39478
6.9
CVE-2024-39477
6.9
CVE-2024-39476
4.19
5.4
5.10
5.15
6.1
6.6
6.9
CVE-2024-39475
4.19
5.4
5.10
5.15
6.1
6.6
6.9
CVE-2024-39474
6.1
6.6
6.9
CVE-2024-39473
6.6
6.9
CVE-2024-39471
5.5
5.11
5.16
6.2
6.7
CVE-2024-39470
6.6.18
6.8
CVE-2024-39468
5.11
5.16
6.2
6.7
CVE-2024-39466
5.15
5.16
6.2
6.7
CVE-2024-39465
6.7
CVE-2024-39464
6.6
6.7
CVE-2024-39463
5.11
6.2
6.7
CVE-2024-39462
6.6
6.7
CVE-2024-39461
6.6
6.7
CVE-2024-39371
5.19
6.2
6.7
CVE-2024-39301
3.2
4.20
5.5
5.11
5.16
6.2
6.7
CVE-2024-39276
4.14.92
4.19.14
4.20.1
5.5
5.16
6.2
6.7
CVE-2024-38661
4.20
5.5
5.11
5.16
6.2
6.7
CVE-2024-38385
6.5
6.7
CVE-2022-48772
5.5
5.11
5.16
6.2
6.7
CVE-2021-4440
5.10.215
CVE-2024-39292
4.19
5.4
5.10
5.15
6.1
6.6
6.9
CVE-2024-39291
6.5
6.7
CVE-2024-38667
5.7
6.2
6.7
CVE-2024-38664
6.2
6.7
CVE-2024-38384
6.2
6.7
CVE-2024-37021
4.4
6.2
6.7
CVE-2024-36479
4.10
6.2
6.7
CVE-2024-35247
4.10
5.11
5.16
6.2
6.7
CVE-2024-34030
6.6
6.7
CVE-2024-34027
5.8
5.11
5.16
6.2
6.7
CVE-2024-39277
5.11
5.16
6.2
6.7
CVE-2024-38780
4.19
5.4
5.10
5.15
6.1
6.6
6.9
CVE-2024-38662
5.10
5.15
6.1
6.6
6.9
CVE-2024-36481
6.6.1
6.9
CVE-2024-38633
2.6.30
4.20
5.5
5.11
5.16
6.2
6.7
CVE-2024-38632
6.6.24
6.9
CVE-2024-38631
6.9
CVE-2024-38630
3.8
6.7
CVE-2024-38628
5.15
6.2
6.7
CVE-2024-38627
4.7
4.20
5.5
5.11
5.16
6.2
6.7
CVE-2024-38625
5.15
6.7
CVE-2024-38623
5.15
5.16
6.2
6.7
CVE-2024-38390
6.1
6.2
6.7
CVE-2024-38388
6.0
6.2
6.7
CVE-2024-38381
4.19.312
5.4.274
5.10.215
5.15.154
6.1.85
6.6.26
6.8.5
CVE-2024-36489
5.7
5.11
5.16
6.2
6.7
CVE-2024-36478
5.5
CVE-2024-36286
2.6.25
4.20
5.5
5.11
5.16
6.2
6.7
CVE-2024-36281
6.6.8
6.7
CVE-2024-36270
2.6.37
5.5
5.11
5.16
6.2
6.7
CVE-2024-33619
6.1
6.2
6.7
CVE-2023-52884
5.11
5.16
6.2
6.7
CVE-2023-52883
6.4
CVE-2022-48771
4.14
4.15
4.20
5.5
5.11
5.16
CVE-2022-48770
5.9
5.11
5.16
CVE-2022-48768
5.4.19
5.6
5.11
5.16
CVE-2022-48764
5.16.3
CVE-2022-48762
5.16
CVE-2022-48756
4.3
4.15
4.20
5.5
5.11
5.16
CVE-2022-48755
4.8
5.11
5.16
CVE-2022-48754
4.16
4.20
5.5
5.11
5.16
CVE-2022-48753
5.16
CVE-2022-48751
4.19.299
5.1
5.16
CVE-2022-48750
5.16
CVE-2022-48749
5.8
5.11
5.16
CVE-2022-48748
5.6
5.11
5.16
CVE-2022-48747
5.5
5.11
5.16
CVE-2022-48746
5.8
5.11
5.16
CVE-2022-48743
4.9.19
4.11
4.15
4.20
5.5
5.11
5.16
CVE-2022-48742
3.14
4.10
4.15
4.20
5.5
5.11
5.16
CVE-2022-48741
5.16
CVE-2022-48740
5.7
5.11
5.16
CVE-2022-48739
5.16
CVE-2022-48735
5.9
5.11
5.16
CVE-2022-48734
5.5
5.11
5.16
CVE-2022-48733
5.11
5.16
CVE-2022-48732
4.8
4.10
4.15
4.20
5.5
5.11
5.16
CVE-2022-48731
5.5
5.11
5.16
CVE-2022-48730
5.6
5.11
5.16
CVE-2022-48729
5.16
CVE-2022-48728
5.8
5.11
5.16
CVE-2022-48726
5.10
5.11
5.16
CVE-2022-48725
5.15
5.16
CVE-2022-48724
4.14.190
4.19.135
5.4.54
5.7.11
5.8
5.11
5.16
CVE-2021-4439
4.5
4.10
4.15
4.20
5.5
5.11
CVE-2022-48723
5.6
5.11
5.16
CVE-2022-48719
5.16
CVE-2022-48718
5.15
5.16
CVE-2022-48717
4.17
4.20
5.5
5.11
5.16
CVE-2022-48716
5.14
5.16
CVE-2021-47620
4.5
4.10
4.15
4.20
5.5
5.11
5.16
CVE-2021-47619
3.12
4.20
5.5
5.11
5.16
CVE-2021-47617
4.19.149
5.4.69
5.7
5.11
5.16
CVE-2021-47616
5.15
CVE-2021-47614
5.14
CVE-2021-47613
5.15
CVE-2021-47612
4.5
4.10
4.15
4.20
5.5
5.11
CVE-2021-47611
4.19
4.20
5.5
5.11
CVE-2021-47609
4.8
4.10
4.15
4.20
5.5
5.11
CVE-2021-47608
5.12
CVE-2021-47607
5.12
CVE-2021-47606
4.5
4.10
4.15
4.20
5.5
5.11
CVE-2021-47605
5.15
CVE-2021-47604
5.15
CVE-2021-47603
4.10.7
4.11
4.15
4.20
5.5
5.11
CVE-2021-47602
3.19
4.20
5.5
5.11
CVE-2021-47601
5.6
5.11
CVE-2021-47600
4.5
4.10
4.15
4.20
5.5
5.11
CVE-2021-47598
4.19
4.20
5.5
5.11
CVE-2021-47597
3.3
5.5
5.11
CVE-2021-47596
5.8
5.11
CVE-2021-47595
5.10.83
5.15.6
CVE-2021-47594
5.13
CVE-2021-47593
5.6
5.11
CVE-2021-47592
5.13
CVE-2021-47591
5.13
CVE-2021-47590
5.13
CVE-2021-47589
2.6.30
4.5
4.10
4.15
4.20
5.5
5.11
CVE-2021-47587
3.16
4.5
4.10
4.15
4.20
5.5
5.11
CVE-2021-47586
5.14
CVE-2021-47585
5.5
5.11
CVE-2021-47584
5.10
5.11
CVE-2021-47583
3.7
4.20
5.5
5.11
CVE-2021-47580
5.11
CVE-2021-47578
5.11
CVE-2021-47576
4.10
4.15
4.20
5.5
5.11
CVE-2024-38616
5.17
6.2
6.7
6.9
CVE-2024-38612
4.10
4.20
5.5
5.11
5.16
6.2
6.7
6.9
CVE-2024-38609
6.9
CVE-2024-38608
4.12
CVE-2024-38606
6.8
6.9
CVE-2024-38605
5.9
5.11
5.16
6.2
6.7
6.9
CVE-2024-38603
6.0
6.2
6.7
6.9
CVE-2024-38602
5.17
6.2
6.7
6.9
CVE-2024-38600
5.16
6.2
6.7
6.9
CVE-2024-38598
4.19.291
5.4.251
5.10.188
5.15.121
6.1.39
6.5
6.7
6.9
CVE-2024-38597
3.1
5.11
5.16
6.2
6.7
6.9
CVE-2024-38591
5.0
5.16
6.2
6.7
6.9
CVE-2024-38590
5.8
5.11
5.16
6.2
6.7
6.9
CVE-2024-38589
2.6.12
4.20
5.5
5.11
5.16
6.2
6.7
6.9
CVE-2024-38588
3.7
6.2
6.7
6.9
CVE-2024-38587
4.19.313
5.4.275
5.10.216
5.15.157
6.1.88
6.6.29
6.8.8
6.9
CVE-2024-38584
6.6
6.7
6.9
CVE-2024-38583
2.6.35
4.20
5.5
5.11
5.16
6.2
6.7
6.9
CVE-2024-38582
4.20
5.5
5.11
5.16
6.2
6.7
6.9
CVE-2024-38581
4.20
6.2
6.7
CVE-2024-38577
5.8
5.11
5.16
6.2
6.7
6.9
CVE-2024-38576
6.0
6.2
6.7
6.9
CVE-2024-38575
6.1.30
6.3.4
6.7
6.9
CVE-2024-38574
6.8
6.9
CVE-2024-38573
5.11
5.16
6.2
6.7
6.9
CVE-2024-38571
5.13
5.16
6.2
6.7
6.9
CVE-2024-38570
3.8
6.7
6.9
CVE-2024-38569
5.17
6.2
6.7
6.9
CVE-2024-38568
6.0
6.2
6.7
6.9
CVE-2024-38563
6.8
6.9
CVE-2024-38562
6.6
6.7
6.9
CVE-2024-38561
5.18
6.2
6.7
6.9
CVE-2024-38560
3.19
4.20
5.5
5.11
5.16
6.2
6.7
6.9
CVE-2024-38559
4.11
4.20
5.5
5.11
5.16
6.2
6.7
6.9
CVE-2024-38557
5.15
6.7
6.9
CVE-2024-38556
5.4.174
5.10.94
5.15.17
5.16.3
6.2
6.7
6.9
CVE-2024-38555
5.10.20
5.12
5.16
6.2
6.7
6.9
CVE-2024-38554
5.17
6.2
6.7
6.9
CVE-2024-38553
3.2
6.7
6.9
CVE-2024-38552
4.16
4.20
5.5
5.11
5.16
6.2
6.7
6.9
CVE-2024-38551
6.3
6.7
6.9
CVE-2024-38550
5.13.12
5.16
6.2
6.7
6.9
CVE-2024-38549
4.7
4.20
5.5
5.11
5.16
6.2
6.7
6.9
CVE-2024-38548
5.10
5.11
5.16
6.2
6.7
6.9
CVE-2024-38547
4.12
5.11
5.16
6.2
6.7
6.9
CVE-2024-38546
4.12
5.11
5.16
6.2
6.7
6.9
CVE-2024-38545
4.9
6.2
6.7
6.9
CVE-2024-38543
5.8
6.2
6.7
6.9
CVE-2024-38542
6.8.2
6.9
CVE-2024-38541
4.14
6.7
6.9
CVE-2024-38540
5.7
6.2
6.7
6.9
CVE-2024-38539
6.6
6.7
6.9
CVE-2024-38538
2.6.12
6.2
6.7
6.9
CVE-2024-36979
5.18
6.2
6.7
6.9
CVE-2024-36978
5.4
5.5
5.11
5.16
6.2
6.7
CVE-2024-36976
6.9
CVE-2024-36973
6.1
6.2
6.7
CVE-2024-36972
5.15.149
6.1.78
6.6.17
6.7.5
CVE-2024-36971
4.6
4.20
5.5
5.11
5.16
6.2
6.7
CVE-2024-36970
6.9
CVE-2024-36969
5.16
6.2
6.7
6.9
CVE-2024-36968
2.6.39
6.7
6.9
CVE-2024-36967
5.13
5.16
6.2
6.7
6.9
CVE-2024-36965
5.11
5.16
6.2
6.7
6.9
CVE-2024-36960
3.4
4.20
5.5
5.11
5.16
6.2
6.7
CVE-2024-36959
4.9.334
4.14.300
4.19.267
5.4.225
5.10.156
5.15.80
6.0.10
6.2
6.7
CVE-2024-36955
5.12
5.16
6.2
6.7
CVE-2024-36954
4.4.271
4.9.271
4.14.235
4.19.193
5.4.124
5.10.42
5.12.9
5.16
6.2
6.7
CVE-2024-36944
5.15.156
6.1.87
6.6.28
6.8.7
CVE-2024-36941
3.12
4.20
5.5
5.11
5.16
6.2
6.7
CVE-2024-36940
4.11
4.20
5.5
5.11
5.16
6.2
6.7
CVE-2024-36938
4.20
5.16
6.2
6.7
CVE-2024-36935
6.8
CVE-2024-36932
6.8
CVE-2024-36931
5.13
5.16
6.2
6.7
CVE-2024-36930
6.0
6.2
6.7
CVE-2024-36928
5.10.190
5.15.126
6.1.45
6.4.10
6.7
CVE-2024-36927
4.14.315
4.19.283
5.4.243
5.10.180
5.15.111
6.1.28
6.2.15
6.3.2
6.7
CVE-2024-36926
6.0
6.2
6.7
CVE-2024-36925
6.6
6.7
CVE-2024-36924
6.2
6.7
CVE-2024-36923
6.2
6.7
CVE-2024-36921
6.7
CVE-2024-36913
6.7
CVE-2024-36912
6.2
6.7
CVE-2024-36910
6.2
6.7
CVE-2024-36903
4.14.313
4.19.281
5.4.241
5.10.178
5.15.107
6.1.24
6.2.11
6.7
CVE-2024-36902
2.6.26
4.20
5.5
5.15
6.2
6.7
CVE-2024-36901
2.6.27
6.2
6.7
CVE-2024-36899
5.7
6.7
CVE-2024-36897
5.16
6.2
6.7
CVE-2024-36896
6.0
6.2
6.7
CVE-2024-36894
3.15
4.20
5.5
5.11
5.16
6.2
6.7
CVE-2024-36893
6.2
6.7
CVE-2024-36891
6.1
6.7
CVE-2024-36888
6.6
6.7
CVE-2024-36884
6.8
CVE-2024-36882
5.18
6.2
6.7
CVE-2024-36881
5.19.6
6.7
CVE-2024-36031
5.10.206
5.15.146
6.1.70
6.6.9
6.7
6.9
CVE-2024-36030
6.8
CVE-2024-36023
6.2
6.7
CVE-2024-36016
2.6.35
4.20
5.5
5.11
5.16
6.2
6.7
6.9
CVE-2024-36014
4.19
4.20
5.5
5.11
5.16
6.2
6.7
6.9
CVE-2021-47572
5.3
5.5
5.11
CVE-2021-47571
3.2
4.5
4.10
4.15
4.20
5.5
5.11
CVE-2021-47570
5.15
CVE-2021-47568
5.15
CVE-2021-47564
5.10
5.11
CVE-2021-47563
5.5
5.11
CVE-2021-47562
5.5
5.11
CVE-2021-47560
5.4
5.11
CVE-2021-47559
4.18
5.11
CVE-2021-47557
5.6
5.11
CVE-2021-47556
5.15
CVE-2021-47554
5.13
CVE-2021-47551
5.11
CVE-2021-47550
5.11
CVE-2021-47549
2.6.24
4.5
4.10
4.15
4.20
5.5
5.11
CVE-2021-47548
4.10
4.15
4.20
5.5
5.11
CVE-2021-47547
4.5
4.10
4.15
4.20
5.5
5.11
CVE-2021-47546
5.4
5.5
5.11
CVE-2021-47542
3.9
4.5
4.10
4.15
4.20
5.5
5.11
CVE-2021-47541
4.7
4.15
4.20
5.5
5.11
CVE-2021-47540
5.8
5.11
CVE-2021-47537
5.12
CVE-2021-47535
5.9
5.11
CVE-2021-47534
5.12
CVE-2021-47529
5.14
CVE-2021-47528
5.12
CVE-2021-47526
5.11
CVE-2021-47525
5.11
CVE-2021-47522
5.5
5.11
CVE-2021-47521
3.2
4.5
4.10
4.15
4.20
5.5
5.11
CVE-2021-47520
2.6.37
4.5
4.10
4.15
4.20
5.5
5.11
CVE-2021-47519
5.15
CVE-2021-47518
3.12
4.5
4.10
4.15
4.20
5.5
5.11
CVE-2021-47517
5.6
5.11
CVE-2021-47516
4.11
4.15
4.20
5.5
5.11
CVE-2021-47514
5.10
5.11
CVE-2021-47513
5.15
CVE-2021-47512
5.6
5.11
CVE-2021-47506
4.5
4.10
4.15
4.20
5.5
5.11
CVE-2021-47505
4.18
4.20
5.5
5.11
CVE-2021-47503
5.10
5.11
CVE-2021-47501
3.12
5.11
CVE-2021-47500
4.2
4.5
4.10
4.15
4.20
5.5
5.11
CVE-2021-47499
4.2
4.5
4.10
4.15
4.20
5.5
5.11
CVE-2024-36013
3.0
6.7
CVE-2024-36012
5.12
6.2
6.7
CVE-2024-36011
6.4.16
6.5.3
6.7
CVE-2021-47490
5.5
5.11
CVE-2021-47489
5.10
CVE-2021-47486
5.7
5.11
CVE-2021-47485
2.6.35
4.5
4.10
4.15
4.20
5.5
5.11
CVE-2021-47484
5.5
CVE-2021-47483
3.12
4.5
4.10
4.15
4.20
5.5
5.11
CVE-2021-47482
2.6.38
4.5
4.10
4.15
4.20
5.5
5.11
CVE-2021-47478
4.5
4.10
4.15
4.20
5.5
5.11
5.15
CVE-2021-47476
3.18
4.5
4.10
4.15
4.20
5.5
5.11
5.15
CVE-2021-47473
3.11
5.11
CVE-2021-47471
5.10
5.11
CVE-2021-47470
5.14
CVE-2021-47467
5.14
CVE-2021-47466
4.8
5.5
5.11
CVE-2021-47464
5.3
5.5
5.11
CVE-2021-47463
5.14
CVE-2021-47462
5.12
CVE-2021-47459
5.4
5.5
5.11
CVE-2021-47456
3.4
4.5
4.10
4.15
4.20
5.5
5.11
CVE-2021-47455
3.16.83
4.4.224
4.9.224
4.14.162
4.19.93
5.4.8
CVE-2021-47449
5.14.4
CVE-2021-47445
4.0
4.5
4.10
4.15
4.20
5.5
5.11
CVE-2021-47443
3.13
4.5
4.10
4.15
4.20
5.5
5.11
CVE-2021-47442
3.13
4.5
4.10
4.15
4.20
5.5
5.11
CVE-2021-47441
4.10
5.5
5.11
CVE-2021-47440
4.4
4.5
4.10
4.15
4.20
5.5
5.11
CVE-2021-47439
5.7
5.11
CVE-2021-47438
3.11
5.11
CVE-2021-47437
5.13
CVE-2021-47436
4.14.247
4.19.207
5.4.148
5.10.67
5.13.19
5.14.6
CVE-2021-47435
4.10
4.15
4.20
5.5
5.11
CVE-2023-52879
5.4.258
5.10.198
5.15.134
6.1.55
6.5.5
6.6
CVE-2023-52878
2.6.33
5.16
6.2
6.6
CVE-2023-52877
5.12
5.16
6.2
6.6
CVE-2023-52876
5.0
5.5
5.11
5.16
6.2
6.6
CVE-2023-52875
4.10
4.15
4.20
5.5
5.11
5.16
6.2
6.6
CVE-2023-52873
5.4
5.5
5.11
5.16
6.2
6.6
CVE-2023-52872
5.15.61
5.18.18
5.19.2
6.2
6.6
CVE-2023-52870
5.8
5.11
5.16
6.2
6.6
CVE-2023-52869
5.8
5.11
5.16
6.2
6.6
CVE-2023-52865
4.12
4.15
4.20
5.5
5.11
5.16
6.2
6.6
CVE-2023-52863
5.7
5.11
5.16
6.2
6.6
CVE-2023-52862
6.5
6.6
CVE-2023-52861
5.19
6.2
6.6
CVE-2023-52860
6.0
6.2
6.6
CVE-2023-52859
5.13
5.16
6.2
6.6
CVE-2023-52858
5.0
5.5
5.11
5.16
6.2
6.6
CVE-2023-52857
5.13.12
6.6
CVE-2023-52856
5.13
5.16
6.2
6.6
CVE-2023-52855
4.2
4.15
4.20
5.5
5.11
5.16
6.2
6.6
CVE-2023-52854
3.16.84
4.4.215
4.9.215
4.14.172
4.19.103
5.4.19
5.5.3
5.11
5.16
6.2
6.6
CVE-2023-52852
5.13.19
5.16
6.2
6.6
CVE-2023-52851
5.19
6.2
6.6
CVE-2023-52850
5.18
6.2
6.6
CVE-2023-52849
5.14.8
5.16
6.2
6.6
CVE-2023-52848
6.4.16
6.6
CVE-2023-52847
4.15
4.20
5.5
5.11
5.16
6.2
6.6
CVE-2023-52846
5.9
5.11
5.16
6.2
6.6
CVE-2023-52845
3.19
4.15
4.20
5.5
5.11
5.16
6.2
6.6
CVE-2023-52844
5.10
5.11
5.16
6.2
6.6
CVE-2023-52842
6.3
CVE-2023-52841
5.10
5.11
5.16
6.2
6.6
CVE-2023-52840
4.18
4.20
5.5
5.11
5.16
6.2
6.6
CVE-2023-52838
4.14.322
4.19.291
5.4.251
5.10.188
5.15.116
6.1.33
6.3.7
6.6
CVE-2023-52837
5.14
6.2
6.6
CVE-2023-52833
5.11
5.16
6.2
6.6
CVE-2023-52832
4.15
4.20
5.5
5.11
5.16
6.2
6.6
CVE-2023-52829
6.3
6.6
CVE-2023-52827
6.6
CVE-2023-52826
5.11
5.16
6.2
6.6
CVE-2023-52825
5.16
6.2
6.6
CVE-2023-52821
5.11
5.16
6.2
6.6
CVE-2023-52819
4.15
4.20
5.5
5.11
5.16
6.2
6.6
CVE-2023-52818
4.15
4.20
5.5
5.11
5.16
6.2
6.6
CVE-2023-52817
4.20
5.5
5.11
5.16
6.2
6.6
CVE-2023-52815
5.16
6.2
6.6
CVE-2023-52814
5.11
5.16
6.2
6.6
CVE-2023-52812
6.6
CVE-2023-52811
5.16
6.2
6.6
CVE-2023-52810
4.15
4.20
5.5
5.11
5.16
6.2
6.6
CVE-2023-52809
4.15
4.20
5.5
5.11
5.16
6.2
6.6
CVE-2023-52808
4.5
5.16
6.2
6.6
CVE-2023-52807
5.16
6.2
6.6
CVE-2023-52806
4.15
4.20
5.5
5.11
5.16
6.2
6.6
CVE-2023-52805
4.15
4.20
5.5
5.11
5.16
6.2
6.6
CVE-2023-52801
6.2
6.6
CVE-2023-52800
5.6
5.11
5.16
6.2
6.6
CVE-2023-52799
4.15
4.20
5.5
5.11
5.16
6.2
6.6
CVE-2023-52798
5.6
5.11
5.16
6.2
6.6
CVE-2023-52795
6.0
6.2
6.6
CVE-2023-52794
6.3
6.6
CVE-2023-52789
4.15
4.20
5.5
5.11
5.16
6.2
6.6
CVE-2023-52788
5.15.108
6.0
6.2
6.6
CVE-2023-52785
6.5
6.6
CVE-2023-52783
6.3
CVE-2023-52782
6.6
CVE-2023-52780
5.19
6.2
6.6
CVE-2023-52779
6.5
CVE-2023-52777
5.19
6.2
6.6
CVE-2023-52776
6.3
6.6
CVE-2023-52773
6.0
6.2
6.6
CVE-2023-52772
5.15
5.16
6.2
6.6
CVE-2023-52770
6.1.29
6.6
CVE-2023-52769
6.3
6.6
CVE-2023-52768
5.15.68
5.19.9
6.2
6.6
CVE-2023-52767
6.5
CVE-2023-52766
5.16
6.2
6.6
CVE-2023-52765
6.0
6.2
6.6
CVE-2023-52760
6.2
CVE-2023-52757
6.2
6.6
CVE-2023-52755
5.15
5.16
6.2
6.6
CVE-2023-52753
4.20
5.5
5.11
5.16
6.2
6.6
CVE-2023-52752
6.2
6.6
CVE-2023-52751
6.6
CVE-2023-52749
6.2
CVE-2023-52746
5.10
5.11
5.16
CVE-2023-52745
4.9.337
4.14.303
4.19.270
5.4.229
5.10.163
5.11
6.0.16
6.1.2
CVE-2023-52744
5.14
5.16
CVE-2023-52741
5.11
5.16
CVE-2023-52738
5.14.10
5.16
CVE-2023-52735
5.16
CVE-2023-52708
2.6.24
5.5
5.11
5.16
CVE-2023-52707
5.2
5.5
5.11
5.16
CVE-2023-52706
5.17
CVE-2023-52705
4.15
4.20
5.5
5.11
5.16
CVE-2023-52702
5.8
5.11
5.16
CVE-2022-48710
4.10
4.15
4.20
5.5
5.11
5.16
5.18
CVE-2022-48709
5.16
CVE-2022-48708
4.11
4.15
4.20
5.5
5.11
5.16
CVE-2022-48707
6.0
CVE-2021-47432
6.2
6.6
CVE-2021-47427
5.14
CVE-2021-47426
5.4
5.5
5.11
CVE-2021-47423
4.5
4.10
4.15
4.20
5.5
5.11
CVE-2021-47422
5.9
5.11
CVE-2021-47420
5.14
CVE-2021-47418
2.6.27
4.5
4.10
4.15
4.20
5.5
5.11
CVE-2021-47417
5.13
CVE-2021-47416
2.6.28
4.5
4.10
4.15
4.20
5.5
5.11
CVE-2021-47415
5.14
CVE-2021-47413
5.8
5.11
CVE-2021-47409
4.15
4.20
5.5
5.11
CVE-2021-47407
5.11
CVE-2021-47406
5.10
5.11
CVE-2021-47405
4.5
4.10
4.15
4.20
5.5
5.11
CVE-2021-47404
4.5
4.10
4.15
4.20
5.5
5.11
CVE-2021-47403
3.18
4.5
4.10
4.15
4.20
5.5
5.11
CVE-2021-47402
5.3
5.5
5.11
CVE-2021-47399
5.0
5.11
CVE-2021-47397
4.8
4.15
4.20
5.5
5.11
CVE-2021-47394
5.12
CVE-2021-47390
5.5
5.11
CVE-2021-47389
5.13
CVE-2021-47388
4.4.271
4.9.271
4.14.235
4.19.193
5.4.124
5.10.42
5.12.9
CVE-2021-47386
5.5
5.11
CVE-2021-47385
5.5
5.11
CVE-2021-47384
5.5
5.11
CVE-2021-47382
5.10.8
CVE-2021-47379
5.5
5.11
CVE-2021-47378
5.11
CVE-2021-47375
2.6.30
4.5
4.10
4.15
4.20
5.5
5.11
CVE-2021-47373
4.14
4.15
4.20
5.5
5.11
CVE-2021-47372
4.15
4.20
5.5
5.11
CVE-2021-47371
5.11
CVE-2021-47370
5.14.7
CVE-2021-47369
5.7.16
5.8.2
5.11
CVE-2021-47368
5.1
5.5
5.11
CVE-2021-47367
5.13
CVE-2021-47366
2.6.22
CVE-2021-47365
5.13
CVE-2021-47364
5.8
5.11
CVE-2021-47363
5.13
CVE-2021-47362
5.11
CVE-2021-47361
4.7
4.10
4.15
4.20
5.5
5.11
CVE-2021-47360
5.0
5.5
5.11
CVE-2021-47358
4.9
4.10
4.15
4.20
5.5
5.11
CVE-2021-47357
4.5
4.10
4.15
4.20
5.5
5.11
5.13
CVE-2021-47356
4.5
4.10
4.15
4.20
5.5
5.11
5.13
CVE-2021-47355
4.5
4.10
4.15
4.20
5.5
5.11
5.13
CVE-2021-47354
5.5
5.11
5.13
CVE-2021-47353
4.5
4.10
4.15
4.20
5.5
5.11
5.13
CVE-2021-47352
5.11
5.13
CVE-2021-47351
2.6.27
5.5
5.11
5.13
CVE-2021-47350
4.14
5.5
5.11
5.13
CVE-2021-47349
5.12
5.13
CVE-2021-47348
5.11
5.13
CVE-2021-47347
4.5
4.10
4.15
4.20
5.5
5.11
5.13
CVE-2021-47346
4.14
4.20
5.5
5.11
5.13
CVE-2021-47345
4.5
4.10
4.15
4.20
5.5
5.11
5.13
CVE-2021-47344
2.6.32
4.5
4.10
4.15
4.20
5.5
5.11
5.13
CVE-2021-47343
4.5
4.10
4.15
4.20
5.5
5.11
5.13
CVE-2021-47342
5.11
CVE-2021-47341
5.4.119
5.10.37
5.11.21
5.12.4
5.13
CVE-2021-47340
4.5
4.10
4.15
4.20
5.5
5.11
5.13
CVE-2021-47339
5.13
CVE-2021-47338
5.3
5.5
5.11
5.13
CVE-2021-47337
4.9.273
4.14.237
4.19.195
5.4.126
5.10.44
5.12.11
5.13
CVE-2021-47336
4.10
4.15
4.20
5.5
5.11
5.13
CVE-2021-47335
5.11
5.13
CVE-2021-47334
4.5
4.10
4.15
4.20
5.5
5.11
5.13
CVE-2021-47333
5.5
5.11
5.13
CVE-2021-47332
5.5
5.11
5.13
CVE-2021-47331
5.11
5.13
CVE-2021-47330
4.5
4.10
4.15
4.20
5.5
5.11
5.13
CVE-2021-47329
5.5
5.11
5.13
CVE-2021-47328
4.20
5.5
5.11
5.13
CVE-2021-47327
5.5
5.11
5.13
CVE-2021-47325
5.5
5.11
5.13
CVE-2021-47324
4.5
4.10
4.15
4.20
5.5
5.11
5.13
CVE-2021-47323
4.5
4.10
4.15
4.20
5.5
5.11
5.13
CVE-2021-47322
5.7
5.11
5.13
CVE-2021-47321
4.5
4.10
4.15
4.20
5.5
5.11
5.13
CVE-2021-47320
3.14
4.5
4.10
4.15
4.20
5.5
5.11
5.13
CVE-2021-47319
4.5
4.10
4.15
4.20
5.5
5.11
5.13
CVE-2021-47318
5.13
CVE-2021-47317
5.12
5.13
CVE-2021-47316
5.13
CVE-2021-47315
3.3
4.5
4.10
4.15
4.20
5.5
5.11
5.13
CVE-2021-47314
3.3
4.5
4.10
4.15
4.20
5.5
5.11
5.13
CVE-2021-47313
5.11
5.13
CVE-2021-47312
5.13.2
CVE-2021-47311
4.9
4.10
4.15
4.20
5.5
5.11
CVE-2021-47310
3.10
4.5
4.10
4.15
4.20
5.5
5.11
CVE-2021-47309
4.3
4.5
4.10
4.15
4.20
5.5
5.11
CVE-2021-47308
4.15
4.20
5.5
5.11
CVE-2021-47307
5.5
5.11
CVE-2021-47306
4.20
5.5
5.11
CVE-2021-47305
4.9
4.15
4.20
5.5
5.11
CVE-2021-47304
5.10
5.11
CVE-2021-47303
5.10
5.11
CVE-2021-47302
4.20
5.5
5.11
CVE-2021-47301
4.12
4.15
4.20
5.5
5.11
CVE-2021-47300
5.10
5.11
CVE-2021-47299
5.9
5.11
CVE-2021-47298
5.10
5.11
CVE-2021-47297
2.6.35
4.5
4.10
4.15
4.20
5.5
5.11
CVE-2021-47296
4.18
4.20
5.5
5.11
CVE-2021-47295
3.18
5.5
5.11
CVE-2021-47294
4.4.173
4.9.155
4.14.98
4.19.20
5.0
5.5
5.11
CVE-2021-47293
4.9
4.20
5.5
5.11
CVE-2021-47292
5.12
CVE-2021-47291
5.3
5.5
5.11
CVE-2021-47290
5.13
CVE-2021-47289
5.5
5.11
CVE-2021-47288
2.6.34
4.5
4.10
4.15
4.20
5.5
5.11
CVE-2021-47287
5.11
CVE-2021-47286
5.7
5.11
CVE-2021-47284
4.5
4.10
4.15
4.20
5.5
5.11
CVE-2021-47283
5.11
CVE-2021-47282
5.4
5.5
5.11
CVE-2021-47281
5.11
CVE-2021-47280
4.15
4.20
5.5
5.11
CVE-2021-47279
5.11
CVE-2021-47278
5.12
CVE-2021-47277
4.5
4.10
4.15
4.20
5.5
5.11
CVE-2021-47276
2.6.28
4.5
4.10
4.15
4.20
5.5
5.11
CVE-2021-47274
4.9.258
4.14.222
4.19.177
5.4.99
5.10.17
5.11
CVE-2021-47273
5.8
5.11
CVE-2021-47272
5.10
5.11
CVE-2021-47271
5.12
CVE-2021-47270
4.6
4.10
4.15
4.20
5.5
5.11
CVE-2021-47269
4.5
4.10
4.15
4.20
5.5
5.11
CVE-2021-47268
5.10
5.11
CVE-2021-47267
4.10
4.15
4.20
5.5
5.11
CVE-2021-47266
5.4.73
5.8.17
5.9.2
5.10
5.11
CVE-2021-47265
3.12
CVE-2021-47264
5.10
5.11
CVE-2021-47263
5.6
5.11
CVE-2021-47262
5.4
5.5
5.11
CVE-2021-47261
4.17
4.20
5.5
5.11
CVE-2021-47260
3.17
4.5
4.10
4.15
4.20
5.5
5.11
CVE-2021-47259
4.13
4.15
4.20
5.5
5.11
CVE-2021-47258
4.10
4.15
4.20
5.5
5.11
CVE-2021-47257
4.10
4.15
4.20
5.5
5.11
CVE-2021-47256
3.16
4.15
4.20
5.5
5.11
CVE-2021-47255
5.3
5.5
5.11
CVE-2021-47254
4.5
4.10
4.15
4.20
5.5
5.11
CVE-2021-47253
5.11
CVE-2021-47252
3.14
4.5
4.10
4.15
4.20
5.5
5.11
CVE-2021-47251
5.10
5.11
CVE-2021-47250
2.6.19
4.5
4.10
4.15
4.20
5.5
5.11
CVE-2021-47249
2.6.30
4.5
4.10
4.15
4.20
5.5
5.11
CVE-2021-47248
4.9
4.10
4.15
4.20
5.5
5.11
CVE-2021-47247
5.4
CVE-2021-47246
4.19
5.5
5.11
CVE-2021-47245
3.12
4.5
4.10
4.15
4.20
5.5
5.11
CVE-2021-47244
5.6
5.11
CVE-2021-47243
4.19
4.20
5.5
5.11
CVE-2021-47242
5.11.12
CVE-2021-47241
5.6
5.11
CVE-2021-47240
4.15
4.20
5.5
5.11
CVE-2021-47239
4.4.271
4.9.271
4.14.235
4.19.193
5.4.124
5.10.42
5.12.9
CVE-2021-47238
3.2.87
3.16.42
4.9
4.10
4.15
4.20
5.5
5.11
CVE-2021-47237
2.6.14
4.5
4.10
4.15
4.20
5.5
5.11
CVE-2021-47236
2.6.30
4.5
4.10
4.15
4.20
5.5
5.11
CVE-2021-47235
3.15
4.5
4.10
4.15
4.20
5.5
5.11
CVE-2021-47234
5.11
CVE-2021-47233
5.11
CVE-2021-47232
5.4
5.5
5.11
CVE-2021-47231
4.12
4.15
4.20
5.5
5.11
CVE-2021-47230
5.1
5.5
5.11
CVE-2021-47229
4.15
4.20
5.5
5.11
CVE-2021-47228
5.10
5.11
CVE-2021-47227
5.8
5.11
CVE-2021-47226
5.2
5.11
CVE-2021-47225
5.12
CVE-2021-47224
5.5
5.11
CVE-2021-47223
4.11
4.15
4.20
5.5
5.11
CVE-2021-47222
4.11
4.15
4.20
5.5
5.11
CVE-2021-47221
5.7
5.11
CVE-2020-36788
5.4
5.11
CVE-2024-36008
5.5
5.11
5.16
6.2
6.7
CVE-2024-36003
6.6.5
6.7
CVE-2024-35999
6.2
6.7
CVE-2024-35998
6.2
6.7
CVE-2024-35997
3.8
4.20
5.5
5.11
5.16
6.2
6.7
CVE-2024-35992
5.18
6.2
6.7
CVE-2024-35990
5.9
5.11
5.16
6.2
6.7
CVE-2024-35989
5.13
5.16
6.2
6.7
CVE-2024-35986
5.18
6.2
6.7
CVE-2024-35985
6.6.4
6.7
CVE-2024-35984
3.19
4.20
5.5
5.11
5.16
6.2
6.7
CVE-2024-35983
5.4.274
5.10.215
5.15.154
6.1.84
6.6.24
6.7.12
6.8.3
CVE-2024-35982
3.13
4.20
5.5
5.11
5.16
6.2
6.7
CVE-2024-35981
5.18
6.2
6.7
CVE-2024-35980
6.6
6.7
CVE-2024-35979
6.6
6.7
CVE-2024-35978
4.1
4.20
5.5
5.11
5.16
6.2
6.7
CVE-2024-35977
6.3
6.7
CVE-2024-35976
4.18
4.20
5.5
5.11
5.16
6.2
6.7
CVE-2024-35975
6.6
6.7
CVE-2024-35973
4.19.191
5.4.119
5.10.37
5.11.21
5.12.4
5.16
6.2
6.7
CVE-2024-35972
5.5
5.11
5.16
6.2
6.7
CVE-2024-35970
5.15
5.16
6.2
6.7
CVE-2024-35969
2.6.35
4.20
5.5
5.11
5.16
6.2
6.7
CVE-2024-35968
6.6.16
6.7.4
CVE-2024-35960
4.10
4.20
5.5
5.11
5.16
6.2
6.7
CVE-2024-35955
4.14.291
4.19.256
5.4.211
5.10.137
5.15.61
5.18.18
5.19.2
6.2
6.7
CVE-2024-35954
6.4.7
6.7
CVE-2024-35953
6.3
6.7
CVE-2024-35947
4.20
5.5
5.11
5.16
6.2
6.7
CVE-2024-35946
6.7
CVE-2024-35945
6.7
CVE-2024-35940
5.11
5.16
6.2
6.7
CVE-2024-35937
6.7
CVE-2024-35933
4.20
5.5
5.11
5.16
6.2
6.7
CVE-2024-35930
4.20
5.5
5.11
5.16
6.2
6.7
CVE-2024-35929
6.7
CVE-2024-35925
4.20
5.5
5.11
5.16
6.2
6.7
CVE-2024-35922
4.20
5.5
5.11
5.16
6.2
6.7
CVE-2024-35921
6.5
6.7
CVE-2024-35920
6.6
6.7
CVE-2024-35919
6.6
6.7
CVE-2023-52699
4.20
5.5
5.11
5.16
6.2
6.7
CVE-2024-35916
6.1
6.2
6.7
CVE-2024-35915
3.2
4.20
5.5
5.11
5.16
6.2
6.7
CVE-2024-35907
5.14
5.16
6.2
6.7
CVE-2024-35905
5.10.209
5.15.148
6.1.75
6.6.14
6.7.2
CVE-2024-35904
4.17
6.7
CVE-2024-35902
4.19.310
5.4.272
5.10.213
5.15.152
6.1.82
6.6.22
6.7.10
CVE-2024-35899
4.20
5.5
5.11
5.16
6.2
6.7
CVE-2024-35898
4.16
4.20
5.5
5.11
5.16
6.2
6.7
CVE-2024-35896
2.6.12
5.11
5.16
6.2
6.7
CVE-2024-35895
4.20
5.5
5.11
5.16
6.2
6.7
CVE-2024-35894
6.7
CVE-2024-35891
5.18
6.2
6.7
CVE-2024-35889
6.7
CVE-2024-35888
4.19.20
4.20.7
5.5
5.11
5.16
6.2
6.7
CVE-2024-35887
2.6.12
6.7
CVE-2024-35885
5.14
5.16
6.2
6.7
CVE-2024-35883
6.2
6.7
CVE-2024-35882
6.6
6.7
CVE-2024-35878
6.7
CVE-2024-35874
6.8
CVE-2024-35870
6.2
6.7
CVE-2024-35869
6.7
CVE-2024-35868
6.2
6.7
CVE-2024-35867
6.2
6.7
CVE-2024-35866
6.7
CVE-2024-35865
6.2
6.7
CVE-2024-35864
6.2
6.7
CVE-2024-35863
6.2
6.7
CVE-2024-35862
6.2
6.7
CVE-2024-35861
6.2
6.7
CVE-2024-35859
6.8
CVE-2024-35858
6.6
6.7
CVE-2024-35857
5.13
5.16
6.2
6.7
CVE-2024-35856
6.6
6.7
CVE-2024-35855
5.1
5.5
5.11
5.16
6.2
6.7
CVE-2024-35854
5.1
5.5
5.11
5.16
6.2
6.7
CVE-2024-35853
5.1
5.5
5.11
5.16
6.2
6.7
CVE-2024-35852
5.1
5.5
5.11
5.16
6.2
6.7
CVE-2024-35851
5.13
5.16
6.2
6.7
CVE-2024-35850
6.2
6.7
CVE-2024-35849
4.20
5.5
5.11
5.16
6.2
6.7
CVE-2024-35847
4.14
4.20
5.5
5.11
5.16
6.2
6.7
CVE-2024-35846
6.8
CVE-2024-35845
5.5
5.11
5.16
6.2
6.7
6.8
CVE-2023-52698
4.8
4.20
5.5
5.11
5.16
6.2
6.7
CVE-2023-52696
4.20
5.5
5.11
5.16
6.2
6.7
CVE-2023-52691
4.9
4.20
5.5
5.11
5.16
6.2
6.7
CVE-2023-52690
5.4
5.5
5.11
5.16
6.2
6.7
CVE-2023-52686
4.11
4.20
5.5
5.11
5.16
6.2
6.7
CVE-2023-52684
6.7
CVE-2023-52679
4.17
4.20
5.5
5.11
5.16
6.2
6.7
CVE-2023-52675
4.14
4.20
5.5
5.11
5.16
6.2
6.7
CVE-2023-52674
5.4
5.16
6.2
6.7
CVE-2024-35835
4.7
4.20
5.5
5.11
5.16
6.2
6.7
CVE-2024-35833
5.1
5.5
5.11
5.16
6.2
6.7
CVE-2024-35829
5.7
5.11
5.16
6.2
6.7
6.8
CVE-2024-35828
2.6.22
4.20
5.5
5.11
5.16
6.2
6.7
6.8
CVE-2024-35827
6.0
6.2
6.7
6.8
CVE-2024-35823
3.7
4.20
5.5
5.11
5.16
6.2
6.7
CVE-2024-35811
3.7
4.20
5.5
5.11
5.16
6.2
6.7
6.8
CVE-2024-35806
4.9.92
4.14.32
4.15.15
4.20
5.5
5.11
5.16
6.2
6.7
6.8
CVE-2024-35795
6.5
6.7
6.8
CVE-2023-52667
5.13
5.16
6.2
6.7
CVE-2023-52664
6.2
6.7
CVE-2023-52663
6.6
6.7
6.8
CVE-2023-52662
5.14
5.16
6.2
6.7
6.8
CVE-2024-35792
6.6
6.7
CVE-2024-35790
4.19
6.7
CVE-2024-35786
6.6
6.7
CVE-2024-35784
6.7
CVE-2024-27433
6.4
6.7
6.8
CVE-2024-27407
5.15
6.2
6.7
CVE-2024-27405
2.6.38
4.20
5.5
5.11
5.16
6.2
6.7
CVE-2024-27396
4.14.162
4.19.93
5.4.8
5.5
5.11
5.16
6.2
6.7
CVE-2024-27395
4.18
4.20
5.5
5.11
5.16
6.2
6.7
CVE-2024-27394
6.7
CVE-2024-27393
5.9
5.16
6.2
6.7
CVE-2022-48695
4.10
4.15
4.20
5.5
5.11
5.16
CVE-2022-48702
4.10
4.15
4.20
5.5
5.11
5.17
CVE-2022-48701
4.10
4.15
4.20
5.5
5.11
5.16
CVE-2022-48698
5.16
CVE-2022-48697
4.8
4.20
5.5
5.11
5.16
CVE-2022-48696
5.16
CVE-2022-48694
5.19
CVE-2022-48693
4.15
4.20
5.5
5.11
5.16
CVE-2022-48692
5.14
5.16
CVE-2022-48691
5.5
5.11
5.16
CVE-2022-48689
5.14
5.16
CVE-2022-48688
4.12
4.20
5.5
5.11
5.16
CVE-2022-48687
4.10
4.15
4.20
5.5
5.11
5.16
CVE-2022-48686
5.0
5.5
5.11
5.16
CVE-2022-48675
5.10
5.11
5.16
CVE-2022-48674
4.19.26
4.20.13
5.16
CVE-2022-48673
4.11
CVE-2022-48672
4.7
4.15
4.20
5.5
5.11
5.16
CVE-2022-48671
5.4.213
5.10.143
5.19.9
CVE-2022-48670
5.18
CVE-2024-1067
r41p0
r41p0
r41p0
CVE-2024-27392
6.8
CVE-2024-27388
3.10
4.20
5.5
5.11
5.16
6.2
6.7
6.8
CVE-2024-27079
5.18
CVE-2024-27078
3.18
4.20
5.5
5.11
5.16
6.2
6.7
6.8
CVE-2024-27077
4.19
4.20
5.5
5.11
5.16
6.2
6.7
6.8
CVE-2024-27076
5.4
5.5
5.11
5.16
6.2
6.7
6.8
CVE-2024-27074
3.10
4.20
5.5
5.11
5.16
6.2
6.7
6.8
CVE-2024-27073
2.6.12
5.5
5.11
5.16
6.2
6.7
6.8
CVE-2024-27072
3.11
5.11
5.16
6.2
6.7
CVE-2024-27071
6.8
CVE-2024-27070
6.8
CVE-2024-27068
6.3
6.7
6.8
CVE-2024-27064
6.3.3
6.4
6.7
6.8
CVE-2024-27062
6.7
CVE-2024-27061
6.6
6.7
CVE-2024-27060
6.7
CVE-2024-27059
2.6.12
4.20
5.5
5.11
5.16
6.2
6.7
CVE-2024-27058
6.6
6.7
6.8
CVE-2024-27054
4.9
5.16
6.2
6.7
6.8
CVE-2024-27053
5.1
5.5
5.11
5.16
6.2
6.7
6.8
CVE-2024-27052
5.5
5.11
5.16
6.2
6.7
6.8
CVE-2024-27051
4.10
5.11
5.16
6.2
6.7
6.8
CVE-2024-27050
6.6
6.7
6.8
CVE-2024-27049
6.7
6.8
CVE-2024-27048
6.4
6.7
6.8
CVE-2024-27047
5.9
5.11
5.16
6.2
6.7
6.8
CVE-2024-27046
4.18
4.20
5.5
5.11
5.16
6.2
6.7
6.8
CVE-2024-27045
5.9
5.11
5.16
6.2
6.7
6.8
CVE-2024-27044
5.4
5.5
5.11
5.16
6.2
6.7
6.8
CVE-2024-27043
2.6.21
4.20
5.5
5.11
5.16
6.2
6.7
6.8
CVE-2024-27042
5.19
6.7
6.8
CVE-2024-27041
5.14
6.7
6.8
CVE-2024-27040
6.6
6.7
6.8
CVE-2024-27038
5.2
5.5
5.11
5.16
6.2
6.7
6.8
CVE-2024-27037
3.11
5.16
6.2
6.7
6.8
CVE-2024-27033
6.2
6.7
6.8
CVE-2024-27032
4.19.307
5.4.269
5.10.210
5.15.149
6.1.77
6.6.16
6.7.4
6.8
CVE-2024-27031
6.4
6.7
6.8
CVE-2024-27030
4.20
5.5
5.11
5.16
6.2
6.7
6.8
CVE-2024-27029
6.7
6.8
CVE-2024-27028
4.11
4.20
5.5
5.11
5.16
6.2
6.7
6.8
CVE-2024-27026
6.6
6.7
6.8
CVE-2024-27025
4.12
5.5
5.11
5.16
6.2
6.7
6.8
CVE-2024-27024
3.18.85
4.1.48
4.4.103
4.9.66
4.11
4.20
5.5
5.11
5.16
6.2
6.7
CVE-2023-52653
2.6.35
6.7
6.8
CVE-2023-52650
3.19
4.20
5.5
5.11
5.16
6.2
6.7
6.8
CVE-2023-52649
6.6
6.7
6.8
CVE-2022-48669
5.18
6.2
6.7
6.8
CVE-2024-27022
6.1
6.2
6.7
CVE-2024-27021
6.8
CVE-2024-27020
3.13
4.20
5.5
5.11
5.16
6.2
6.7
CVE-2024-27019
4.10
5.16
6.2
6.7
CVE-2024-27018
5.15.151
6.1.81
6.6.21
6.7.9
CVE-2024-27017
6.4
CVE-2024-27016
5.13
5.16
6.2
6.7
CVE-2024-27015
5.13
5.16
6.2
6.7
CVE-2024-27014
5.13
5.16
6.2
6.7
CVE-2024-27013
2.6.35
4.20
5.5
5.11
5.16
6.2
6.7
CVE-2024-27012
6.4
CVE-2024-27011
4.12
CVE-2024-27010
4.2
CVE-2024-27008
2.6.38
5.16
6.2
6.7
CVE-2024-27005
5.15.133
6.1.55
6.5.5
6.7
CVE-2024-27003
5.17
6.2
6.7
CVE-2024-27002
5.2
6.2
6.7
CVE-2024-26999
2.6.12
5.16
6.2
6.7
CVE-2024-26998
6.6.24
6.7.12
6.8
CVE-2024-26996
5.16
6.2
6.7
CVE-2024-26995
6.8
CVE-2024-26993
3.16.62
3.18.121
4.4.154
4.9.125
4.14.68
4.18.6
4.19
5.16
6.2
6.7
CVE-2024-26991
6.8
CVE-2024-26989
5.14
5.16
6.2
6.7
CVE-2024-26987
5.18
6.2
6.7
CVE-2024-26986
6.5
6.7
CVE-2024-26984
4.15
4.20
5.5
5.11
5.16
6.2
6.7
CVE-2024-26983
5.15
6.2
6.7
CVE-2024-26982
6.7
CVE-2024-26981
2.6.30
4.20
5.5
5.11
5.16
6.2
6.7
CVE-2024-26980
5.15
5.16
6.2
6.7
CVE-2024-26978
5.5
5.11
6.2
6.7
6.8
CVE-2024-26976
2.6.38
4.20
5.5
5.11
5.16
6.2
6.7
6.8
CVE-2024-26975
6.5
6.7
6.8
CVE-2024-26974
3.17
4.20
5.5
5.11
5.16
6.2
6.7
6.8
CVE-2024-26973
3.10
4.20
5.5
5.11
5.16
6.2
6.7
6.8
CVE-2024-26971
6.6
6.7
6.8
CVE-2024-26970
5.6
5.11
5.16
6.2
6.7
6.8
CVE-2024-26969
4.16
4.20
5.5
5.11
5.16
6.2
6.7
6.8
CVE-2024-26968
6.4
6.7
6.8
CVE-2024-26967
6.8
CVE-2024-26966
3.17
4.20
5.5
5.11
5.16
6.2
6.7
6.8
CVE-2024-26964
5.11
5.16
6.2
6.7
6.8
CVE-2024-26962
6.8
CVE-2024-26961
3.16
5.11
5.16
6.2
6.7
6.8
CVE-2024-26960
4.11
5.11
5.16
6.2
6.7
6.8
CVE-2024-26958
5.11
5.16
6.2
6.7
6.8
CVE-2024-26957
4.20
5.5
5.11
5.16
6.2
6.7
6.8
CVE-2024-26954
5.15
6.2
6.8
CVE-2024-26952
5.15
5.16
6.2
6.7
6.8
CVE-2024-26950
5.6
5.11
5.16
6.2
6.7
6.8
CVE-2024-26943
6.1
6.2
6.7
6.8
CVE-2024-26941
6.8
CVE-2024-26940
5.19
6.2
6.7
6.8
CVE-2024-26939
5.19
6.2
6.7
CVE-2024-26934
4.4
4.20.0
5.5.0
5.11.0
5.16.0
6.2.0
6.7.0
6.8.0
CVE-2024-26933
6.0
6.2
6.7
6.8
CVE-2024-26931
4.20
5.5
5.11
5.16
6.2
6.7
6.8
CVE-2024-26930
6.3
6.7
6.8
CVE-2022-48666
5.7
CVE-2022-48663
5.10.144
5.15.69
5.19.10
CVE-2022-48662
5.15
5.16
CVE-2022-48661
5.15
5.16
CVE-2022-48660
5.9
5.11
5.16
CVE-2022-48659
2.6.22
4.10
4.15
4.20
5.5
5.11
5.16
CVE-2022-48657
5.7
5.11
5.16
CVE-2022-48656
5.6.0
5.11.0
5.16.0
CVE-2022-48655
5.4
5.5
5.11
CVE-2022-48654
5.2.0
5.5.0
5.11.0
5.16.0
CVE-2022-48651
3.19
4.10
4.15
4.20
5.5
5.11
5.16
CVE-2022-48650
5.11
5.16
CVE-2022-48649
5.19.8
CVE-2022-48648
5.10
5.11
5.16
CVE-2022-48647
5.10.122
5.15.47
5.17.15
5.18.4
CVE-2022-48646
5.10
CVE-2022-48642
5.3
5.11
5.16
CVE-2022-48641
4.14.292
4.19.257
5.4.212
5.10.140
5.15.64
5.19.6
CVE-2022-48639
5.1
5.5
5.11
5.16
CVE-2022-48638
5.14
5.16
CVE-2022-48637
5.14
5.16
CVE-2022-48636
2.6.25
4.10
4.15
4.20
5.5
5.11
5.16
CVE-2022-48635
5.15
5.16
CVE-2022-48634
5.11
5.16
CVE-2022-48632
5.10
5.11
5.16
CVE-2024-26928
6.2
6.7
CVE-2024-26927
5.19
6.2
6.7
6.8
CVE-2023-52646
3.19
4.15
4.20
5.5
5.11
5.16
CVE-2024-26924
5.6
5.11
5.16
6.2
6.7
CVE-2024-26917
4.14.326
4.19.295
5.4.257
5.10.195
5.15.132
6.1.53
6.4.16
6.5.3
6.7
CVE-2024-26915
5.16
6.2
6.7
CVE-2024-26913
6.7
CVE-2024-26910
5.5
5.11
5.16
6.2
6.7
CVE-2023-52645
5.11
5.16
6.2
6.7
CVE-2024-26909
6.3
6.7
CVE-2024-26907
5.11
5.16
6.2
6.7
CVE-2024-26903
4.20
5.5
5.11
5.16
6.2
6.7
CVE-2024-26902
6.7
CVE-2024-26901
2.6.39
4.20
5.5
5.11
5.16
6.2
6.7
6.8
CVE-2024-26900
5.3
6.8
CVE-2024-26899
6.7
6.8
CVE-2024-26898
2.6.22
4.20
5.5
5.11
5.16
6.2
6.7
6.8
CVE-2024-26896
5.10
6.2
6.7
6.8
CVE-2024-26895
5.5
5.11
5.16
6.2
6.7
6.8
CVE-2024-26894
3.7
4.20
5.5
5.11
5.16
6.2
6.7
6.8
CVE-2024-26893
5.8
6.2
6.7
6.8
CVE-2024-26892
6.2.15
6.3.2
6.7
6.8
CVE-2024-26891
5.0
5.11
5.16
6.2
6.7
6.8
CVE-2024-26890
6.2
6.7
6.8
CVE-2024-26889
4.14.328
4.19.297
5.4.259
5.10.199
5.15.137
6.1.60
6.5.9
6.7
6.8
CVE-2024-26888
6.4.16
6.5.3
6.7
6.8
CVE-2024-26887
6.6
6.7
6.8
CVE-2024-26886
5.10.206
5.15.146
6.1.70
6.6.9
6.7
6.8
CVE-2024-26885
5.4
5.11
5.16
6.2
6.7
6.8
CVE-2024-26884
3.19
4.20
5.5
5.11
5.16
6.2
6.7
6.8
CVE-2024-26883
4.9.258
4.14.222
4.19.177
5.4.99
5.10.17
5.11
5.16
6.2
6.7
6.8
CVE-2024-26882
3.10
5.5
5.11
5.16
6.2
6.7
6.8
CVE-2024-26881
5.14
5.16
6.2
6.7
6.8
CVE-2024-26879
5.11
5.16
6.2
6.7
6.8
CVE-2024-26878
4.20
5.5
5.11
5.16
6.2
6.7
6.8
CVE-2024-26876
4.15
6.7
6.8
CVE-2024-26875
2.6.26
4.20
5.5
5.11
5.16
6.2
6.7
6.8
CVE-2024-26874
4.7
4.20
5.5
5.11
5.16
6.2
6.7
6.8
CVE-2024-26873
6.7
6.8
CVE-2024-26872
3.3
5.11
5.16
6.2
6.7
6.8
CVE-2024-26871
6.5
6.7
6.8
CVE-2024-26870
5.9
5.11
5.16
6.2
6.7
6.8
CVE-2024-26869
4.19
6.7
6.8
CVE-2024-26868
6.1
6.2
6.7
6.8
CVE-2024-26867
6.7
CVE-2024-26866
4.10
6.7
6.8
CVE-2024-26865
4.3
6.2
6.7
6.8
CVE-2024-26864
6.1.80
6.6.19
6.7.7
6.8
CVE-2024-26863
3.17
4.20
5.5
5.11
5.16
6.2
6.7
6.8
CVE-2024-26862
4.20
5.5
5.11
5.16
6.2
6.7
6.8
CVE-2024-26861
5.7
5.11
5.16
6.2
6.7
6.8
CVE-2024-26860
6.1.80
6.6.19
6.7.7
6.8
CVE-2024-26859
4.2
4.20
5.5
5.11
5.16
6.2
6.7
6.8
CVE-2024-26858
6.5.13
6.6.3
6.7
CVE-2024-26857
4.2
4.20
5.5
5.11
5.16
6.2
6.7
CVE-2024-26856
5.14
5.16
6.2
6.7
CVE-2024-26855
4.20
5.5
5.11
5.16
6.2
6.7
CVE-2024-26854
6.7
CVE-2024-26853
5.13
6.2
6.7
CVE-2024-26852
4.11
4.20
5.5
5.11
5.16
6.2
6.7
CVE-2024-26851
2.6.17
4.20
5.5
5.11
5.16
6.2
6.7
CVE-2024-26850
6.6
6.7
CVE-2024-26849
6.1
6.2
6.7
CVE-2023-52644
2.6.26
4.20
5.5
5.11
5.16
6.2
6.7
6.8
CVE-2024-26846
5.11
5.16
6.2
6.7
CVE-2024-26845
4.20
5.5
5.11
5.16
6.2
6.7
CVE-2024-26844
6.2
6.7
CVE-2024-26843
5.11
5.16
6.2
6.7
CVE-2024-26842
6.7
CVE-2024-26841
6.7
CVE-2024-26840
2.6.30
4.20
5.5
5.11
5.16
6.2
6.7
CVE-2024-26839
4.3
4.20
5.5
5.11
5.16
6.2
6.7
CVE-2024-26838
5.14
5.16
6.2
6.7
CVE-2024-26837
5.13
6.2
6.7
CVE-2024-26836
5.17
CVE-2024-26835
5.4.262
5.10.202
5.13
5.16
6.2
6.7
CVE-2024-26834
6.5
6.7
CVE-2024-26833
5.6
5.11
5.16
6.2
6.7
CVE-2024-26832
6.1.30
6.4
6.7
CVE-2024-26831
6.6
6.7
CVE-2024-26830
3.14
6.2
6.7
CVE-2024-26829
5.15.54
5.16
6.2
6.7
CVE-2024-26828
4.18
6.2
6.7
CVE-2024-26826
5.15
5.16
6.2
6.7
CVE-2024-26825
3.2
4.20
5.5
5.11
5.16
6.2
6.7
CVE-2024-26824
6.5
6.7
CVE-2024-26823
6.6
6.7
CVE-2024-26822
6.2
6.7
CVE-2024-26820
4.19.301
5.4.263
5.10.203
5.15.141
6.1.65
6.6.4
6.7
CVE-2024-26818
6.5
6.7
CVE-2023-52643
5.13
5.16
6.2
6.7
CVE-2023-52642
5.11
5.16
6.2
6.7
CVE-2024-26817
4.20
5.5
5.11
5.16
6.2
6.7
CVE-2021-47219
5.11
CVE-2021-47218
5.8
5.11
CVE-2021-47217
4.16
4.20
5.5
5.11
CVE-2021-47216
4.5
4.10
4.15
4.20
5.5
5.11
CVE-2021-47215
5.13
CVE-2021-47214
5.14
CVE-2021-47212
5.2
CVE-2021-47210
4.20
5.5
5.11
CVE-2021-47209
5.13
CVE-2021-47207
4.5
4.10
4.15
4.20
5.5
5.11
CVE-2021-47206
4.5
4.10
4.15
4.20
5.5
5.11
CVE-2021-47204
4.17
5.5
5.11
CVE-2021-47203
4.5
4.10
4.15
4.20
5.5
5.11
CVE-2021-47202
5.5
5.11
5.15
CVE-2021-47201
4.13
5.5
5.11
CVE-2021-47200
5.5
CVE-2021-47199
5.7
CVE-2021-47198
5.14
CVE-2021-47197
5.10.75
5.11
CVE-2021-47196
5.15
CVE-2021-47194
3.6.0
4.5.0
4.10.0
4.15.0
4.20.0
5.5.0
5.11.0
CVE-2021-47192
5.4.143
5.10.61
5.13.13
CVE-2021-47191
5.11
CVE-2021-47190
5.1
5.5
5.11
CVE-2021-47189
3.15
4.5
4.10
4.15
4.20
5.5
5.11
CVE-2021-47188
3.4
CVE-2021-47187
5.5
5.11
CVE-2021-47186
5.5
5.11
CVE-2021-47185
4.5
4.10
4.15
4.20
5.5
5.11
CVE-2021-47184
3.12
4.15
4.20
5.5
5.11
CVE-2021-47181
4.5
4.10
4.15
4.20
5.5
5.11
CVE-2024-26816
2.6.23
4.20
5.5
5.11
5.16
6.2
6.7
6.8
6.8.3
CVE-2024-26815
6.1
6.2
6.7
6.8
6.8.3
CVE-2024-27437
3.6
6.2
6.7
6.8
6.8.4
CVE-2024-26814
5.10
6.2
6.7
6.8
6.8.4
CVE-2024-26813
4.1
5.5
5.11
5.16
6.2
6.7
6.8
CVE-2024-26812
3.6
6.2
6.7
6.8
CVE-2024-26810
3.6
5.5
5.11
5.16
6.2
6.7
6.8
CVE-2024-26809
5.10.130
5.15.54
5.18.11
6.2
6.7
6.8
CVE-2024-26808
5.10
5.11
5.16
6.2
6.7
CVE-2024-26807
6.4
6.7
CVE-2024-26806
6.7
CVE-2024-26805
3.12.49
3.14.54
3.18.23
4.1.10
4.2.3
4.20
5.5
5.11
5.16
6.2
6.7
CVE-2024-26804
2.6.34
5.5
5.11
5.16
6.2
6.7
CVE-2024-26803
5.13
5.16
6.2
6.7
CVE-2024-26802
5.13
5.16
6.2
6.7
CVE-2024-26801
4.0
4.20
5.5
5.11
5.16
6.2
6.7
CVE-2024-26800
6.6.18
6.7.6
CVE-2024-26799
5.18
6.7
CVE-2024-26798
5.15.64
6.0
6.2
6.7
CVE-2024-26797
6.7
CVE-2024-26796
6.6
6.7
CVE-2024-26795
5.4
5.11
5.16
6.2
6.7
CVE-2024-26793
4.7
4.20
5.5
5.11
5.16
6.2
6.7
CVE-2024-26792
5.10.210
5.15.149
6.1.79
6.6.18
6.7.6
CVE-2024-26791
4.20
5.5
5.11
5.16
6.2
6.7
CVE-2024-26790
5.1
5.5
5.11
5.16
6.2
6.7
CVE-2024-26789
5.18
6.2
6.2
CVE-2024-26788
5.1
5.5
5.11
5.16
6.2
6.7
CVE-2024-26787
4.20
5.11
5.16
6.2
6.7
CVE-2024-26786
6.6
6.7
CVE-2024-26785
6.6
CVE-2024-26784
6.7
CVE-2024-26783
5.18
6.7
CVE-2024-26782
5.6
5.11
5.16
6.2
6.7
CVE-2024-26781
6.6.19
6.7.7
CVE-2024-26780
6.1.78
6.6.17
6.7.5
CVE-2024-26750
5.15.149
CVE-2024-26746
6.4
6.7
CVE-2024-26745
5.19.2
6.2
6.7
CVE-2024-26779
4.20
5.5
5.11
5.16
6.2
6.7
CVE-2024-26778
4.20
5.5
5.11
5.16
6.2
6.7
CVE-2024-26777
4.20
5.5
5.11
5.16
6.2
6.7
CVE-2024-26776
5.11
5.16
6.2
6.7
CVE-2024-26775
6.2
6.7
CVE-2024-26774
5.16
6.2
6.7
CVE-2024-26773
4.20
5.5
5.11
5.16
6.2
6.7
CVE-2024-26772
4.20
5.5
5.11
5.16
6.2
6.7
CVE-2024-26771
5.11
5.16
6.2
6.7
CVE-2024-26770
6.7
CVE-2024-26769
5.16
6.2
6.7
CVE-2024-26768
5.19
6.7
CVE-2024-26767
6.7
CVE-2024-26766
4.19.291
5.4.251
5.10.188
5.15.99
6.1.16
6.2.3
6.7
CVE-2024-26765
6.2
6.7
CVE-2024-26764
4.20
5.5
5.11
5.16
6.2
6.7
CVE-2024-26763
4.20
5.5
5.11
5.16
6.2
6.7
CVE-2024-26762
6.7
CVE-2024-26761
5.19
6.2
6.7
CVE-2024-26760
5.19
6.2
6.7
CVE-2024-26759
4.15
6.2
6.7
CVE-2024-26758
3.0
CVE-2024-26757
4.8
CVE-2024-26756
2.6.17
CVE-2024-26755
6.7
CVE-2024-26754
4.7
4.20
5.5
5.11
5.16
6.2
6.7
CVE-2024-26753
5.10.209
5.18
6.2
6.7
CVE-2024-26752
4.19.296
5.4.258
5.10.198
5.15.135
6.1.57
6.6
6.7
CVE-2024-26751
4.15
4.20
5.5
5.11
5.16
6.2
6.7
CVE-2024-26749
5.4
5.5
5.11
5.16
6.2
6.7
CVE-2024-26748
5.4
5.5
5.11
5.16
6.2
6.7
CVE-2024-26747
4.19
5.11
5.16
6.2
6.7
CVE-2024-26744
3.3
4.20
5.11
5.16
6.2
6.7
CVE-2024-26743
4.11
5.11
5.16
6.2
6.7
CVE-2024-26742
6.0
6.2
6.7
CVE-2024-26741
6.1
6.2
6.7
CVE-2024-26740
4.10
6.7
CVE-2024-26739
4.19
6.7
CVE-2024-26738
6.4
6.7
CVE-2024-26737
5.15
5.16
6.2
6.7
CVE-2024-26736
4.15
5.5
5.11
5.16
6.2
6.7
CVE-2024-26735
4.10
4.20
5.5
5.11
5.16
6.2
6.7
11.0.0
CVE-2024-26734
6.3
6.7
CVE-2024-26733
2.6.12
5.11
5.16
6.2
6.7
11.0.0
CVE-2024-26732
6.7
CVE-2024-26731
6.1.32
6.3.6
6.7
CVE-2024-26730
6.6
6.7
CVE-2024-26729
6.7
CVE-2024-26728
6.7
CVE-2023-52641
5.16
6.2
6.7
CVE-2023-52640
5.16
6.2
6.7
CVE-2024-26727
5.9
5.11
5.16
6.2
6.7
CVE-2024-26726
6.2
6.7
CVE-2024-26725
6.7
CVE-2024-26724
6.7
CVE-2024-26723
6.1
6.2
6.7
CVE-2024-26722
6.1.74
6.6.13
6.7
CVE-2024-26721
6.7
CVE-2024-26719
6.7
CVE-2024-26718
5.9
6.2
6.7
CVE-2024-26717
5.12
5.16
6.2
6.7
CVE-2024-26716
6.5
6.7
CVE-2024-26715
3.16.81
4.4.178
4.6
5.16
6.2
6.7
CVE-2024-26714
5.15
6.2
6.7
CVE-2024-26712
5.4
5.11
5.16
6.2
6.7
CVE-2024-26711
6.2
6.7
CVE-2024-26710
6.1.75
6.6.14
6.7.2
CVE-2024-26709
6.7
CVE-2024-26708
6.2
6.7
CVE-2024-26707
5.9
5.11
5.16
6.2
6.7
CVE-2024-26706
6.2
6.7
CVE-2024-26705
6.6
6.7
CVE-2024-26704
3.18
4.20
5.5
5.11
5.16
6.2
6.7
CVE-2024-26703
6.5
6.7
CVE-2024-26702
5.0
5.5
5.11
5.16
6.2
6.7
CVE-2024-26700
6.2
6.7
CVE-2024-26698
5.8
5.11
5.16
6.2
6.7
CVE-2024-26697
4.20
5.5
5.11
5.16
6.2
6.7
CVE-2024-26696
3.9
4.20
5.5
5.11
5.16
6.2
6.7
CVE-2024-26695
5.10.137
5.15.61
5.18.18
5.19.2
6.0
6.2
6.7
CVE-2024-26694
6.4
6.7
CVE-2024-26693
6.4
6.7
CVE-2024-26692
6.3
6.7
CVE-2024-26691
6.7
CVE-2024-26690
6.6
6.7
CVE-2024-26689
5.11
5.16
6.2
6.7
CVE-2024-26688
5.1
5.5
5.11
5.16
6.2
6.7
CVE-2024-26687
2.6.37
6.2
6.7
CVE-2024-26686
6.2
CVE-2024-26685
3.2.52
3.4.83
3.10.16
3.11.5
4.20
5.5
5.11
5.16
6.2
6.7
CVE-2023-52639
4.8
6.2
6.7
CVE-2023-52638
5.16
6.2
6.7
CVE-2023-52637
5.4
5.5
5.11
5.16
6.2
6.7
CVE-2024-26684
5.4
5.5
5.11
5.16
6.2
6.7
CVE-2024-26683
6.7
CVE-2024-26682
6.7
CVE-2024-26681
6.0
6.2
6.7
CVE-2024-26680
5.5
6.2
6.7
CVE-2024-26679
3.18
4.20
5.5
5.11
5.16
6.2
6.7
CVE-2024-26678
6.7
CVE-2024-26677
2.6.22
6.7
CVE-2024-26676
5.15.103
6.1.20
6.3
6.7
CVE-2024-26675
2.6.12
4.20
5.5
5.11
5.16
6.2
6.7
CVE-2024-26674
6.4
6.7
CVE-2024-26673
5.3
5.5
5.11
5.16
6.2
6.7
CVE-2024-26671
4.20
5.5
5.11
5.16
6.2
CVE-2024-26670
6.6
6.7
CVE-2024-26669
5.1
6.7
CVE-2024-26668
4.3
5.16
6.2
6.7
CVE-2024-26667
5.19
6.2
6.7
CVE-2024-26666
6.5
6.7
CVE-2024-26665
5.9
5.11
5.16
6.2
6.7
CVE-2024-26664
4.19.264
5.4.221
5.10.152
6.1
6.2
6.7
CVE-2024-26663
4.9
4.20
5.5
5.11
5.16
6.2
6.7
CVE-2024-26662
5.9
6.7
CVE-2024-26661
5.9
6.7
CVE-2024-26660
5.11
5.16
6.2
6.7
CVE-2024-26659
5.11
5.16
6.2
6.7
CVE-2024-26658
6.7
CVE-2024-26657
6.7
6.8
CVE-2023-52636
6.6
6.7
CVE-2023-52635
5.11
5.16
6.2
6.7
CVE-2023-52633
5.16
6.2
6.7
CVE-2023-52632
6.2
6.7
CVE-2023-52631
5.15
5.16
6.2
6.7
CVE-2024-26655
6.7
6.8
CVE-2024-26654
2.6.23
4.20
5.5
5.11
5.16
6.2
6.7
6.8
CVE-2024-26653
6.7
6.8
CVE-2023-52629
2.6.20
CVE-2023-52628
4.1
5.11
5.16
6.2
CVE-2024-26652
6.4
6.7
CVE-2024-26651
3.14
4.20
5.5
5.11
5.16
6.2
6.7
6.8
CVE-2024-26649
6.3
6.7
CVE-2024-26648
6.7
CVE-2024-26647
6.7
CVE-2024-26646
6.2
6.7
CVE-2023-52627
5.6
5.11
5.16
6.2
6.7
CVE-2023-52626
6.6.3
6.7
CVE-2023-52622
4.20
5.5
5.11
5.16
6.2
6.7
CVE-2023-52621
6.2
6.7
CVE-2024-26645
4.17
4.20
5.5
5.11
5.16
6.2
CVE-2024-26644
5.11
5.16
6.2
6.7
CVE-2021-47180
4.0
4.5
4.10
4.15
4.20
5.5
5.11
CVE-2021-47179
4.9.269
4.14.233
4.19.191
5.4.118
5.10.36
5.12.3
CVE-2021-47178
5.11
CVE-2021-47177
4.11
4.15
4.20
5.5
5.11
CVE-2021-47176
5.4.235
5.10.173
5.11
CVE-2021-47175
5.6
5.11
CVE-2021-47174
5.7
5.11
CVE-2021-47173
2.6.14
4.5
4.10
4.15
4.20
5.5
5.11
CVE-2021-47172
5.4.14
5.5
5.11
CVE-2021-47171
2.6.34
4.5
4.10
4.15
4.20
5.5
5.11
CVE-2021-47170
4.20
5.5
5.11
CVE-2021-47169
4.5
4.10
4.15
4.20
5.5
5.11
CVE-2021-47168
2.6.37
4.5
4.10
4.15
4.20
5.5
5.11
CVE-2021-47167
4.0
5.5
5.11
CVE-2021-47166
4.0
4.5
4.10
4.15
4.20
5.5
5.11
CVE-2021-47165
4.14.226
4.19.181
5.4.106
5.10.24
5.12
CVE-2021-47164
5.8
5.11
CVE-2021-47163
4.1
5.5
5.11
CVE-2021-47162
4.3
4.5
4.10
4.15
4.20
5.5
5.11
CVE-2021-47161
4.10
4.15
4.20
5.5
5.11
CVE-2021-47160
4.16
4.20
5.5
5.11
CVE-2021-47159
4.7
4.20
5.5
5.11
CVE-2021-47158
5.2
5.11
CVE-2021-47152
5.7
5.11
CVE-2021-47151
5.7
5.11
CVE-2021-47150
3.18
4.20
5.5
5.11
CVE-2021-47149
4.5
4.10
4.15
4.20
5.5
5.11
CVE-2021-47148
5.12
CVE-2021-47146
2.6.35
4.5
4.10
4.15
4.20
5.5
5.11
CVE-2021-47145
4.5
4.10
4.15
4.20
5.5
5.11
CVE-2021-47143
4.19
5.11
CVE-2021-47142
4.9.0
4.14.0
4.19.0
5.4.0
5.10.0
5.12.0
CVE-2021-47141
5.3
5.5
5.11
CVE-2021-47140
5.11
CVE-2021-47139
5.6
5.11
CVE-2021-47138
5.2
5.5
5.11
CVE-2021-47137
4.20
5.5
5.11
CVE-2021-47136
5.9
5.11
CVE-2024-26643
5.5
5.11
5.16
6.2
6.7
CVE-2024-26642
4.1
4.20
5.5
5.11
5.16
6.2
6.7
CVE-2024-29018
24.0.0
CVE-2024-26641
4.7
5.11
5.16
6.2
6.7
CVE-2024-26640
4.18
5.11
5.16
6.2
6.7
CVE-2024-26638
5.19
6.2
6.7
CVE-2024-26637
6.7
CVE-2024-26636
2.6.12
4.20
5.5
5.11
5.16
6.2
6.7
CVE-2024-26635
3.5
4.20
5.5
5.11
5.16
6.2
6.7
CVE-2024-26634
6.1.60
6.6
6.7
CVE-2024-26633
4.10
4.20
5.5
5.11
5.16
6.2
6.7
CVE-2024-26632
5.17
6.2
6.7
CVE-2024-26631
5.13
5.16
6.2
6.7
CVE-2023-52619
4.20
5.5
5.11
5.16
6.2
6.7
CVE-2023-52618
5.8
5.11
5.16
6.2
6.7
CVE-2023-52617
5.5
5.11
5.16
6.2
6.7
CVE-2023-52616
5.10
5.11
5.16
6.2
6.7
CVE-2023-52615
2.6.33
4.20
5.5
5.11
5.16
6.2
6.7
CVE-2023-52614
3.8
5.11
5.16
6.2
6.7
CVE-2023-52613
6.6
6.7
CVE-2023-52612
4.10
4.20
5.5
5.11
5.16
6.2
6.7
CVE-2023-52611
6.4
6.7
CVE-2023-52610
5.3
5.16
6.2
6.7
CVE-2023-52609
2.6.29
4.20
5.5
5.11
5.16
6.2
6.7
CVE-2021-47135
5.12
CVE-2021-47134
5.10
5.11
CVE-2021-47133
5.11
CVE-2021-47132
5.12
CVE-2021-47131
4.18
5.11
CVE-2021-47130
5.8
5.11
CVE-2021-47129
5.3
5.5
5.11
CVE-2021-47128
5.6
5.11
CVE-2021-47127
5.12
CVE-2021-47126
5.3
5.5
5.11
CVE-2021-47125
5.12
CVE-2021-47124
5.10.26
5.10.44
5.12
5.12.11
CVE-2021-47123
5.11
CVE-2021-47122
3.3
4.5
4.10
4.15
4.20
5.5
5.11
CVE-2021-47121
3.3
4.5
4.10
4.15
4.20
5.5
5.11
CVE-2021-47120
4.20
5.5
5.11
CVE-2021-47119
2.6.19
5.11
CVE-2021-47118
2.6.19
4.5
4.10
4.15
4.20
5.5
5.11
CVE-2021-47117
4.5
4.10
4.15
4.20
5.5
5.11
CVE-2021-47116
5.11
CVE-2021-47114
4.5
4.10
4.15
4.20
5.5
5.11
CVE-2021-47113
5.11
CVE-2021-47112
5.5
5.11
CVE-2021-47111
5.5
5.11
CVE-2021-47110
5.5
5.11
CVE-2021-47109
5.0
5.5
5.11
CVE-2024-26630
6.5
6.7
CVE-2024-26629
5.19
6.2
6.7
CVE-2023-52608
5.7
5.16
6.2
6.7
CVE-2024-26620
6.0
6.2
6.7
CVE-2024-26619
6.7
CVE-2024-26618
6.5
6.7
CVE-2024-26617
6.7
CVE-2024-26616
6.4
6.7
CVE-2024-26615
4.19
4.20
5.5
5.11
5.16
6.2
6.7
CVE-2024-26614
3.7
5.11
5.16
6.2
6.7
CVE-2024-26612
5.17
6.2
6.7
CVE-2024-26611
6.6
6.7
CVE-2024-26610
5.5
5.11
5.16
6.2
6.7
CVE-2024-26608
5.15
5.16
6.2
6.7
CVE-2023-52498
5.11
5.16
6.2
6.7
CVE-2023-52495
6.3
6.7
CVE-2023-52494
5.13
5.16
6.2
6.7
CVE-2023-52493
5.7
5.11
5.16
6.2
6.7
CVE-2023-52492
5.6
5.11
5.16
6.2
6.7
CVE-2023-52491
4.12
5.11
5.16
6.2
6.7
CVE-2023-52490
6.3
6.7
CVE-2023-52489
5.3
5.11
5.16
6.2
6.7
CVE-2023-52488
3.16
6.2
6.7
CVE-2023-52487
6.5
6.7
CVE-2023-52486
4.20
5.5
5.11
5.16
6.2
6.7
CVE-2024-26627
5.5
5.11
5.16
6.2
6.7
CVE-2024-26626
6.1.75
6.6.14
6.7.2
CVE-2024-26625
2.6.35
4.20
5.5
5.11
5.16
6.2
6.7
CVE-2024-26623
6.4
6.7
CVE-2023-52607
4.20
5.5
5.11
5.16
6.2
6.7
CVE-2023-52606
4.20
5.5
5.11
5.16
6.2
6.7
CVE-2023-52604
4.20
5.5
5.11
5.16
6.2
6.7
CVE-2023-52603
4.20
5.5
5.11
5.16
6.2
6.7
CVE-2023-52602
4.20
5.5
5.11
5.16
6.2
6.7
CVE-2023-52601
4.20
5.5
5.11
5.16
6.2
6.7
CVE-2023-52600
4.20
5.5
5.11
5.16
6.2
6.7
CVE-2023-52599
4.20
5.5
5.11
5.16
6.2
6.7
CVE-2023-52598
4.20
5.5
5.11
5.16
6.2
6.7
CVE-2023-52597
4.20
5.5
5.11
5.16
6.2
6.7
CVE-2023-52596
6.7
CVE-2023-52595
5.5
5.11
5.16
6.2
6.7
CVE-2023-52594
4.20
5.5
5.11
5.16
6.2
6.7
CVE-2023-52593
6.2
6.7
CVE-2023-52591
6.7
CVE-2023-52589
6.2
6.7
CVE-2023-52588
5.16
6.2
6.7
CVE-2023-52587
4.20
5.5
5.11
5.16
6.2
6.7
CVE-2023-52585
5.4
5.5
5.11
5.16
6.2
6.7
CVE-2023-52584
6.2
6.7
CVE-2023-52583
4.20
5.5
5.11
5.16
6.2
6.7
CVE-2022-48630
4.19.236
5.4.187
5.10.108
5.15.31
5.17
CVE-2022-48629
4.19
4.20
5.5
5.11
5.16
CVE-2021-47108
5.14
CVE-2021-47107
5.13
CVE-2021-47106
5.13
CVE-2021-47105
5.5
CVE-2021-47104
4.4.292
4.9.290
4.14.255
4.19.216
5.4.157
5.10.77
5.15
CVE-2021-47103
3.6
4.10
4.15
4.20
5.5
5.11
CVE-2021-47102
5.14
CVE-2021-47101
4.9
CVE-2021-47100
4.15
4.20
5.5
5.11
CVE-2021-47099
5.13
CVE-2021-47098
5.14
CVE-2021-47097
5.4.103
5.10.21
5.11
CVE-2021-47096
5.15
CVE-2021-47095
5.4
5.5
5.11
CVE-2021-47094
5.10
CVE-2021-47093
5.9
5.11
CVE-2021-47092
5.15
CVE-2021-47091
5.10
5.11
CVE-2021-47090
5.10
5.11
CVE-2021-47089
5.12
CVE-2021-47088
5.15
CVE-2021-47087
5.4.140
5.10.58
5.14
CVE-2021-47086
4.5
4.10
4.15
4.20
5.5
5.11
CVE-2021-47083
5.5
5.11
CVE-2021-47082
4.20
5.5
5.11
CVE-2024-26622
3.1
5.11
5.16
6.2
6.7
CVE-2024-26621
5.18
6.2
6.7
CVE-2023-52582
5.13
6.2
CVE-2023-52581
6.5
CVE-2023-52580
5.12
5.16
6.2
CVE-2023-52578
2.6.17
4.20
5.5
5.11
5.16
6.2
CVE-2023-52577
5.10.195
5.15.132
6.1.53
6.5.3
CVE-2023-52576
5.13
6.2
CVE-2023-52574
3.7
4.15
4.20
5.5
5.11
5.16
6.2
CVE-2023-52573
5.1
5.5
5.11
5.16
6.2
CVE-2023-52572
2.6.16
6.2
CVE-2023-52571
6.1.2
6.2
CVE-2023-52570
6.1
6.2
CVE-2023-52569
6.2
CVE-2023-52568
6.0
6.2
CVE-2023-52567
4.14.315
4.19.283
5.4.243
5.10.180
5.15.111
6.1.28
6.4
CVE-2023-52566
2.6.30
4.15
4.20
5.5
5.11
5.16
6.2
CVE-2023-52565
6.1.16
6.3
CVE-2023-52564
5.10.190
5.15.124
6.1.43
6.5
CVE-2023-52563
5.15.61
5.17
6.2
CVE-2023-52562
6.0
6.2
CVE-2023-52561
6.2
CVE-2023-52560
5.16
6.2
CVE-2023-52559
5.11
5.16
6.2
CVE-2023-52532
5.13
6.2
CVE-2023-52531
3.9
5.16
6.2
CVE-2023-52530
4.14
5.5
5.11
5.16
6.2
CVE-2023-52529
5.14
5.16
6.2
CVE-2023-52528
2.6.34
4.15
4.20
5.5
5.11
5.16
6.2
CVE-2023-52527
3.5
4.15
4.20
5.5
5.11
5.16
6.2
CVE-2023-52526
6.1
6.2
CVE-2023-52525
5.10.195
5.15.132
6.1.53
6.5.3
CVE-2023-52524
5.4.251
5.10.188
5.15.121
6.1.39
6.5
CVE-2023-52523
5.13
5.16
6.2
CVE-2023-52520
5.14
5.16
6.2
CVE-2023-52519
5.12
5.16
6.2
CVE-2023-52518
5.16
6.2
CVE-2023-52517
5.16
6.2
CVE-2023-52516
5.11
5.16
6.2
CVE-2023-52515
3.7
5.11
5.16
6.2
CVE-2023-52513
5.3
5.5
5.11
5.16
6.2
CVE-2023-52512
5.18
6.2
CVE-2023-52511
5.16
6.2
CVE-2023-52510
4.12
4.15
4.20
5.5
5.11
5.16
6.2
CVE-2023-52509
4.2
5.5
5.11
5.16
6.2
CVE-2023-52508
6.2
CVE-2023-52507
3.2
4.15
4.20
5.5
5.11
5.16
6.2
CVE-2023-52506
6.2
CVE-2023-52505
5.18
6.2
CVE-2023-52504
4.17
4.20
5.5
5.11
5.16
6.2
CVE-2023-52503
5.6
5.11
5.16
6.2
CVE-2023-52502
3.6
4.20
5.5
5.11
5.16
6.2
CVE-2023-52501
5.11
5.16
6.2
CVE-2023-52500
5.11
5.16
6.2
CVE-2023-52499
5.12
5.16
6.2
CVE-2022-48628
6.2
CVE-2022-48627
3.7
4.20
5.5
5.11
5.16
CVE-2021-47081
5.12
CVE-2021-47080
5.10
5.11
CVE-2021-47079
5.12
CVE-2021-47078
4.8
4.10
4.15
4.20
5.5
5.11
CVE-2021-47077
4.11
5.11
CVE-2021-47076
4.8
CVE-2021-47075
5.7
5.11
CVE-2021-47074
4.8
5.11
CVE-2021-47073
4.15
4.20
5.5
5.11
CVE-2021-47072
5.12
CVE-2021-47071
4.20
5.5
5.11
CVE-2021-47070
4.20
CVE-2021-47069
5.6
5.11
CVE-2023-52497
5.3
5.5
5.11
5.16
6.2
6.7
CVE-2021-47068
4.4.267
4.9.267
4.14.231
4.19.187
5.4.112
5.10.30
5.11.14
5.12
CVE-2021-47067
5.5
5.11
5.12
CVE-2021-47066
5.10
5.11
5.12
CVE-2021-47065
5.3
5.5
5.11
5.12
CVE-2021-47064
5.10
5.11
5.12
CVE-2021-47063
4.13
5.11
5.12
CVE-2021-47062
5.11
5.12
CVE-2021-47061
5.9
5.11
5.12
CVE-2021-47060
5.4.66
5.9
5.11
5.12
CVE-2021-47059
5.10
5.11
5.12
CVE-2021-47058
4.19.168
5.4.90
5.10.8
5.11
5.12
CVE-2021-47057
5.10
5.11
5.12
CVE-2021-47056
4.7
4.10
4.15
4.20
5.5
5.11
5.12
CVE-2021-47055
4.4.233
4.9.233
4.14.194
4.19.139
5.4.58
5.9
5.11
5.12
CVE-2021-47054
4.9
4.10
4.15
4.20
5.5
5.11
5.12
CVE-2021-47020
4.18
4.20
5.5
5.11
5.12
CVE-2021-47016
5.2
5.5
5.11
5.12
CVE-2021-46959
4.4.248
4.9.248
4.14.212
4.19.163
5.4.80
5.10
5.11
5.12
CVE-2024-26607
5.0
6.2
6.7
CVE-2023-52484
5.16
6.2
CVE-2023-52483
5.15
5.16
6.2
CVE-2023-52482
5.11
5.16
6.2
CVE-2023-52481
6.2
CVE-2023-52480
5.15
5.16
6.2
CVE-2023-52479
5.16
6.2
CVE-2023-52478
4.15
4.20
5.5
5.11
5.16
6.2
CVE-2023-52477
4.15
4.20
5.5
5.11
5.16
6.2
CVE-2023-52476
5.16
6.2
CVE-2023-52475
4.15
4.20
5.5
5.11
5.16
6.2
CVE-2021-47053
5.10
5.11
5.12
CVE-2021-47052
5.10
5.11
5.12
CVE-2021-47051
5.2
5.5
5.11
5.12
CVE-2021-47050
5.9
5.11
5.12
CVE-2021-47049
4.14
5.11
5.12
CVE-2021-47048
5.10
5.11
5.12
CVE-2021-47047
5.10
5.11
5.12
CVE-2021-47046
5.5
5.11
5.12
CVE-2021-47045
5.11
5.12
CVE-2021-47044
5.10
5.11
5.12
CVE-2021-47043
5.5
5.11
5.12
CVE-2021-47042
5.12
CVE-2021-47041
5.0
5.5
5.11
5.12
CVE-2021-47040
5.8
5.11
5.12
CVE-2021-47039
5.11
5.12
CVE-2021-47038
5.7
5.11
5.12
CVE-2021-47037
5.10
5.12
CVE-2021-47036
5.6
CVE-2021-47035
5.6
5.11
5.12
CVE-2021-47034
4.18
4.20
5.5
5.11
5.12
CVE-2021-47033
5.10
5.11
5.12
CVE-2021-47032
5.10
5.11
5.12
CVE-2021-47031
5.12
CVE-2021-47030
5.12
CVE-2021-47029
5.12
CVE-2021-47028
5.8
5.12
CVE-2021-47027
5.12
CVE-2021-47026
5.8
5.11
5.12
CVE-2021-47025
5.12
CVE-2021-47024
5.2
5.11
5.12
CVE-2021-47023
5.10
5.11
5.12
CVE-2021-47022
5.10.21
5.11.4
5.12
CVE-2021-47021
5.11.4
5.12
CVE-2021-47019
5.12
CVE-2021-47018
5.5
5.11
5.12
CVE-2021-47017
5.8
5.11
5.12
CVE-2021-47015
5.1
5.5
5.11
5.12
CVE-2021-47014
5.8
CVE-2021-47013
4.9
4.10
4.15
4.20
5.5
5.11
5.12
CVE-2021-47012
5.3
5.5
5.11
5.12
CVE-2021-47011
5.10.11
5.11
5.12
CVE-2021-47010
4.15
4.20
5.5
5.11
5.12
CVE-2021-47009
5.10.20
5.11.3
5.12
CVE-2021-47008
5.11
5.12
CVE-2021-47007
5.8
5.11
5.12
CVE-2021-47006
4.7
4.10
4.15
4.20
5.5
5.11
5.12
CVE-2021-47005
5.1
5.11
5.12
CVE-2021-47004
4.20
5.11
5.12
CVE-2021-47003
5.10.17
5.11
5.12
CVE-2021-47002
5.11
5.12
CVE-2021-47001
5.5
5.11
5.12
CVE-2021-47000
5.4.49
5.8
5.11
5.12
CVE-2021-46999
4.19.123
5.4.41
5.7
5.11
5.12
CVE-2021-46998
4.16
4.20
5.5
5.11
5.12
CVE-2021-46997
5.10
5.11
5.12
CVE-2021-46996
5.10
5.11
5.12
CVE-2021-46995
5.12
CVE-2021-46994
5.5
5.11
5.12
CVE-2021-46993
5.3
5.5
5.11
5.12
CVE-2021-46992
4.9
4.15
4.20
5.5
5.11
5.12
CVE-2021-46991
4.16
4.20
5.5
5.11
5.12
CVE-2021-46990
4.4.245
4.9.245
4.14.208
4.19.159
5.4.79
5.10
5.11
5.12
CVE-2021-46989
4.19
4.20
5.5
5.11
5.12
CVE-2021-46988
4.11
4.15
4.20
5.5
5.11
5.12
CVE-2021-46987
5.9
5.12
CVE-2021-46986
5.10
5.11
5.12
CVE-2021-46985
4.9.264
4.14.228
4.19.184
5.4.109
5.10.27
5.11.11
5.12
CVE-2021-46984
4.18
5.5
5.11
5.12
CVE-2021-46983
5.9
5.11
5.12
CVE-2021-46982
5.6
5.11
5.12
CVE-2021-46981
5.4
5.5
5.11
5.12
CVE-2021-46980
5.8
5.11
5.12
CVE-2021-46979
5.11
5.12
CVE-2021-46978
5.10.13
5.11
5.12
CVE-2021-46977
5.5
5.11
5.12
CVE-2021-46976
5.8
5.11
5.12
CVE-2020-36787
5.0
5.5
5.11
5.12
CVE-2020-36786
5.10
5.11
5.12
CVE-2020-36785
5.8
5.11
5.12
CVE-2020-36784
4.5
5.11
5.12
CVE-2020-36783
4.15
5.5
5.11
5.12
CVE-2020-36782
4.16
5.5
5.11
5.12
CVE-2020-36781
5.7
5.11
5.12
CVE-2020-36780
4.14
5.5
5.11
5.12
CVE-2020-36779
5.6
5.11
5.12
CVE-2020-36778
5.6
5.11
5.12
CVE-2021-46974
4.14.113
4.19.19
5.0
5.5
5.11
5.12
CVE-2021-46973
5.8
5.11
5.12
CVE-2021-46972
5.8
5.11
5.12
CVE-2021-46971
5.4
5.5
5.11
5.12
CVE-2021-46970
5.11
5.12
CVE-2021-46969
5.12
CVE-2021-46968
5.10
5.11
5.12
CVE-2021-46967
5.8
5.11
5.12
CVE-2021-46966
4.4.195
4.9.195
4.14.147
4.19.77
5.4
5.5
5.11
5.12
CVE-2021-46965
5.10
5.11
5.12
CVE-2021-46964
5.11
5.12
CVE-2021-46963
4.19.90
5.4.4
5.5
5.11
5.12
CVE-2021-46962
4.20
5.5
5.11
5.12
CVE-2021-46961
5.1
5.5
5.11
5.12
CVE-2021-46960
4.11
4.15
4.20
5.5
5.11
5.12
CVE-2021-46958
5.7
5.11
5.12
CVE-2021-46957
5.12
CVE-2021-46956
5.4
5.5
5.11
5.12
CVE-2021-46955
4.4.134
4.9.104
4.14.45
4.16
4.20
5.5
5.11
5.12
CVE-2021-46954
5.11.0
5.12.0
CVE-2021-46953
4.12.0
4.15.0
4.20.0
5.5.0
5.11.0
5.12.0
CVE-2021-46952
5.6.0
5.11.0
5.12.0
CVE-2021-46951
5.3.0
5.5.0
5.11.0
5.12.0
CVE-2021-46950
4.14.147
4.19.77
5.2.19
5.3.4
5.5
5.11
5.12
CVE-2021-46949
5.10.0
5.11.0
5.12.0
CVE-2021-46948
5.10.0
5.11.0
5.12.0
CVE-2021-46947
5.12.0
CVE-2021-46945
5.11.0
5.12.0
CVE-2021-46944
5.2.0
5.5.0
5.11.0
5.12.0
CVE-2021-46943
5.2.0
5.5.0
5.11.0
5.12.0
CVE-2021-46942
5.12.0
CVE-2021-46941
4.12.0
5.11.0
5.12.0
CVE-2021-46940
5.10.0
5.11.0
5.12.0
CVE-2021-46939
2.6.30
4.5.0
4.10.0
4.15.0
4.20.0
5.5.0
5.11.0
5.12.0
CVE-2021-46938
4.6.0
4.10.0
4.15.0
4.20.0
5.5.0
5.11.0
5.12.0
CVE-2020-36777
4.5.0
4.10.0
4.15.0
4.20.0
5.5.0
5.11.0
5.12.0
CVE-2020-36776
5.8.0
5.11.0
5.12.0
CVE-2021-46937
5.15.0
CVE-2021-46936
2.6.27
4.5.0
4.10.0
4.15.0
4.20.0
5.5.0
5.11.0
CVE-2021-46935
4.14.0
4.15.0
4.20.0
5.5.0
5.11.0
CVE-2021-46934
4.15.0
4.20.0
5.5.0
5.11.0
CVE-2021-46933
4.0.0
4.5.0
4.10.0
4.15.0
4.20.0
5.5.0
5.11.0
CVE-2021-46932
2.6.23
4.5.0
4.10.0
4.15.0
4.20.0
5.5.0
5.11.0
CVE-2021-46931
5.7.0
5.11.0
CVE-2021-46930
5.2.0
5.5.0
5.11.0
CVE-2021-46929
4.14.0
4.15.0
4.20.0
5.5.0
5.11.0
CVE-2021-46928
5.11.0
CVE-2021-46927
5.15.0
CVE-2021-46925
4.11.0
5.11.0
CVE-2021-46924
3.16.0
4.15.0
4.20.0
5.5.0
5.11.0
CVE-2021-46923
5.12.0
CVE-2021-46922
5.10.20
5.11.3
CVE-2021-46921
4.15.0
4.20.0
5.5.0
5.11.0
CVE-2021-46920
5.6.0
5.11.0
CVE-2021-46919
5.6.0
5.11.0
CVE-2021-46918
5.11.0
CVE-2021-46917
5.8.0
5.11.0
CVE-2021-46916
5.11.0
CVE-2021-46915
4.13.0
4.15.0
4.20.0
5.5.0
5.11.0
CVE-2021-46914
5.9.0
5.11.0
CVE-2021-46913
5.7.0
5.11.0
CVE-2021-46912
5.7.0
5.11.0
CVE-2021-46911
5.7.0
5.11.0
CVE-2021-46910
5.11.0
CVE-2021-46909
4.13.0
4.15.0
4.20.0
5.5.0
5.11.0
CVE-2021-46908
5.8.0
5.11.0
CVE-2023-52474
4.3.0
5.11.0
5.16.0
6.2.0
6.3.0
CVE-2021-46906
4.5.0
4.10.0
4.15.0
4.20.0
5.5.0
5.11.0
CVE-2020-36775
5.5.0
CVE-2019-25162
4.3.0
4.15.0
4.20.0
5.5.0
5.11.0
5.16.0
5.19.0
CVE-2019-25160
2.6.19
3.17.0
3.19.0
4.5.0
4.10.0
4.15.0
4.20.0
CVE-2024-26606
2.6.29
4.20.0
5.5.0
5.11.0
5.16.0
6.2.0
6.7.0
CVE-2024-26605
6.7.0
CVE-2024-26604
6.6.0
6.7.0
CVE-2024-26603
5.14.0
5.16.0
6.2.0
6.7.0
CVE-2024-26602
4.14.0
4.20.0
5.5.0
5.11.0
5.16.0
6.2.0
6.7.0
CVE-2024-26601
5.11.0
5.16.0
6.2.0
6.7.0
CVE-2024-26600
3.7.0
4.20.0
5.5.0
5.11.0
5.16.0
6.2.0
6.7.0
CVE-2023-52473
6.4.0
6.7.0
CVE-2023-52472
6.5.0
6.7.0
CVE-2023-52471
6.7.0
CVE-2023-52470
3.16.0
4.20.0
5.5.0
5.11.0
5.16.0
6.2.0
6.7.0
CVE-2023-52469
4.2.0
4.20.0
5.5.0
5.11.0
5.16.0
6.2.0
6.7.0
CVE-2023-52468
6.4.0
6.7.0
CVE-2023-52467
5.9.0
5.11.0
5.16.0
6.2.0
6.7.0
CVE-2023-52465
6.5.0
6.7.0
CVE-2022-48626
3.16
4.10
4.15
4.20
5.5
5.11
5.16
CVE-2021-46905
4.20.0
5.5.0
5.11.0
CVE-2021-46904
2.6.27
4.5.0
4.10.0
4.15.0
4.20.0
5.5.0
5.11.0
CVE-2024-26599
5.17
6.2.0
6.7.0
CVE-2024-26598
5.4
5.5
5.11
5.16
6.2
6.7
CVE-2024-26597
4.17.0
4.20.0
5.5.0
5.11.0
5.16.0
6.2.0
6.7.0
CVE-2024-26596
6.1.0
CVE-2024-26595
4.11.0
6.7.0
CVE-2023-52464
4.12.0
4.20.0
5.5.0
5.11.0
5.16.0
6.2.0
6.7.0
CVE-2023-52463
5.8.0
5.11.0
5.16.0
6.2.0
6.7.0
CVE-2023-52462
5.11.0
5.16.0
6.2.0
6.7.0
CVE-2023-52461
6.7
CVE-2023-52460
6.7.0
CVE-2023-52459
6.6.0
6.7.0
CVE-2023-52458
5.11.0
5.16.0
6.2.0
6.7.0
CVE-2023-52457
5.4.225
5.10.156
5.15.80
6.0.10
6.2
6.7
CVE-2023-52456
5.9.0
5.11.0
5.16.0
6.2.0
6.7.0
CVE-2023-52455
6.3.0
6.7.0
CVE-2023-52454
5.0.0
5.5.0
5.11.0
5.16.0
6.2.0
6.7.0
CVE-2023-52453
6.2
6.7
CVE-2024-26594
5.16.0
6.2.0
6.7.0
CVE-2024-26593
5.3.0
5.5.0
5.11.0
5.16.0
6.2.0
6.7.0
CVE-2024-26592
5.15.0
5.16.0
6.2.0
6.7.0
CVE-2024-26591
5.16.0
6.2.0
6.7.0
CVE-2024-26590
5.16.0
6.7.0
CVE-2024-26589
4.20
5.16.0
6.2.0
6.7.0
CVE-2024-26588
6.1
6.2
6.7
CVE-2024-26587
6.7.0
CVE-2024-26586
4.19.0
5.11.0
5.16.0
6.2.0
6.7.0
CVE-2023-52452
5.12
6.7.0
CVE-2023-52451
4.1.0
4.20.0
5.5.0
5.11.0
5.16.0
6.2.0
6.7.0
CVE-2023-52450
6.2.0
6.7.0
CVE-2023-52449
2.6.31
4.20
5.5.0
5.11.0
5.16.0
6.2.0
6.7.0
CVE-2023-52448
4.20
5.5.0
5.11.0
5.16.0
6.2.0
6.7.0
CVE-2023-52447
5.9.0
5.11
5.16
6.2
6.7
CVE-2023-52446
6.2.0
6.7.0
CVE-2023-52445
4.20
5.5.0
5.11.0
5.16.0
6.2.0
6.7.0
CVE-2023-52444
4.2.0
4.20
5.5.0
5.11.0
5.16.0
6.2.0
6.7.0
CVE-2023-52443
4.20
5.5.0
5.11.0
5.16.0
6.2.0
6.7.0
CVE-2024-26585
4.20.0
6.7.0
CVE-2024-26584
4.16.0
6.2.0
6.7.0
CVE-2024-26583
5.7.0
6.2.0
6.7.0
CVE-2024-26582
6.0
6.2.0
6.7.0
CVE-2023-52442
5.15
5.16
6.2
CVE-2023-52441
5.15.0
5.16.0
6.2.0
CVE-2023-52440
5.17.0
6.2.0
6.5.0
CVE-2023-52439
4.20.0
5.5.0
5.11.0
5.16.0
6.2.0
6.7.0
CVE-2023-52438
4.20.0
5.5.0
5.11.0
5.16.0
6.2.0
6.7.0
CVE-2023-52436
4.20.0
5.5.0
5.11.0
5.16.0
6.2.0
6.7.0
CVE-2023-52435
5.5.0
5.11.0
5.16.0
6.2.0
CVE-2023-52434
5.3
5.5
5.11
5.16
6.2
CVE-2024-26581
5.4.262
5.10.190
5.15.124
6.1.43
6.4.8
6.7
CVE-2023-52433
6.5
CVE-2023-52429
5.11.0
5.16.0
6.2.0
6.7.0
CVE-2023-6536
5.0
5.5
5.11
5.16
6.2
6.7
CVE-2023-6356
5.0
5.5
5.11
5.16
6.2
6.7
CVE-2024-24864
6.0
CVE-2024-24861
6.0
CVE-2024-24860
6.0
CVE-2024-24859
6.0
CVE-2024-24858
6.0
6.7
CVE-2024-24857
6.0
6.7
CVE-2024-24855
6.0
CVE-2024-23196
6.0
CVE-2024-22386
6.0
CVE-2024-1086
3.15
6.1
6.2
6.7
CVE-2024-1085
5.13
5.16
6.2
6.7
CVE-2024-0564
4.4.0-96.119
CVE-2024-21803
2.6.12.1
CVE-2024-0841
5.1
5.5
5.11
5.16
6.2
6.7
CVE-2024-23307
4.1
6.2
6.7
6.8
CVE-2023-39197
2.6.26
5.5
5.11
5.16
6.2
6.4
CVE-2021-33631
4.19.90
4.19.90
5.10.0-60.18.0
CVE-2021-33630
4.19.90
CVE-2024-0646
4.20
5.5
5.11
5.16
6.2
CVE-2024-0582
6.4
CVE-2024-0565
6.1.36
CVE-2024-0562
5.15
5.16
CVE-2024-0443
6.2
CVE-2023-1032
5.19
CVE-2021-3600
4.14.115
4.15
4.20
5.5
CVE-2022-2588
4.10
4.15
4.20
5.5
5.11
5.16
5.19
CVE-2023-6932
2.6.12
CVE-2023-6931
4.3
CVE-2023-6817
5.6
5.11
5.16
6.2
CVE-2023-50431
6.3
CVE-2023-6622
5.11
CVE-2023-6606
6.4.1
CVE-2023-5972
6.2.1
CVE-2023-6111
5.15.134
6.1.56
6.5.6
6.6
CVE-2023-1194
5.15
5.16
6.2
CVE-2023-31022
14.0
16.0
CVE-2023-31018
14.0
16.0
CVE-2023-5178
5.0
5.5
5.11
5.16
6.2
CVE-2023-5717
3.2.95
3.16.50
4.4
4.15
4.20
5.5
5.11
5.16
6.2
CVE-2023-45898
6.5
CVE-2023-45871
3.4
4.15
4.20
5.5
5.11
5.16
6.2
6.5
CVE-2023-39191
5.19
CVE-2023-5345
6.0.16
6.2
CVE-2023-44466
5.11
5.16
6.2
CVE-2023-5197
5.9.0
CVE-2023-42753
4.4.165
4.9.141
4.14.84
4.19.5
4.20
5.5
5.11
5.16
6.2
6.5
CVE-2023-2163
5.3
5.5
5.11
5.16
6.2
CVE-2023-41325
3.20.0
CVE-2023-4921
3.8
4.15
4.20
5.5
5.11
5.16
6.2
CVE-2023-4623
2.6.12
4.15
4.20
5.5
5.11
5.16
6.2
6.5
CVE-2023-4622
4.2
CVE-2023-4208
3.18
4.15
4.20
5.5
5.11
5.16
6.2
CVE-2023-4207
3.18
4.15
4.20
5.5
5.11
5.16
6.2
CVE-2023-4206
3.18
4.15
4.20
5.5
5.11
5.16
6.2
CVE-2023-4015
5.9
5.11
5.16
6.2
CVE-2023-3777
5.9
5.11
5.16
6.2
CVE-2023-4389
5.7
5.11
5.16
CVE-2023-4387
3.16.60
4.4
4.10
4.15
4.20
5.5
5.11
5.16
CVE-2023-40283
3.5
4.15
4.20
5.5
5.11
5.16
6.2
CVE-2023-4147
5.9
5.11
5.16
6.2
CVE-2023-4004
5.6
5.11
5.16
6.2
CVE-2023-3812
4.15
4.20
5.5
5.11
5.16
CVE-2023-32258
5.15
5.16
6.2
6.3
CVE-2023-32257
5.15
5.16
6.2
6.3
CVE-2023-32252
5.15
5.16
6.2
6.3
CVE-2023-32248
5.15
5.16
6.2
6.3
CVE-2023-32247
5.15
5.16
6.2
6.3
CVE-2023-3776
2.6.12
4.15
4.20
5.5
5.11
5.16
6.2
CVE-2023-3611
3.8
4.15
4.20
5.5
5.11
5.16
6.2
CVE-2023-3610
5.9
5.11
5.16
6.2
CVE-2023-3609
4.14
CVE-2023-38432
5.15
5.16
6.2
CVE-2023-38431
5.15
5.16
6.2
CVE-2023-38430
5.15
5.16
6.2
CVE-2023-38429
5.15
5.16
6.2
CVE-2023-38428
5.15
5.16
6.2
CVE-2023-38427
5.15
5.16
6.2
CVE-2023-38426
5.15
5.16
6.2
CVE-2023-3269
6.1
6.2
CVE-2023-32254
5.15
5.16
6.2
6.3
CVE-2023-32250
5.15
5.16
6.2
6.3
CVE-2023-35001
3.13
4.15
4.20
5.5
5.11
5.16
6.2
CVE-2023-31248
5.9
5.11
5.16
6.2
CVE-2023-25516
13.0
15.0
CVE-2023-3439
5.15
CVE-2023-3390
3.16
4.15
4.20
5.5
5.11
5.16
6.2
CVE-2023-3389
5.10.162
5.13
CVE-2023-3090
3.19
4.15
4.20
5.5
5.11
5.16
6.2
CVE-2023-1295
5.6
5.11
CVE-2023-3317
6.2
CVE-2023-3312
6.2
6.3
CVE-2023-35829
5.8
5.11
5.16
6.2
6.3
CVE-2023-35828
4.19
4.20
5.5
5.11
5.16
6.2
6.3
CVE-2023-35826
5.18
6.2
6.3
CVE-2023-35788
4.19
4.20
5.5
5.11
5.16
6.2
CVE-2023-3141
2.6.39
4.15
4.20
5.5
5.11
5.16
6.2
CVE-2023-3111
2.6.31
4.15
4.20
5.5
5.11
5.16
CVE-2023-2598
6.3
CVE-2022-48502
5.15
5.16
CVE-2023-0459
4.19.0
5.4.0
5.10.0
5.15.0
6.1.0
6.2.0
CVE-2023-2156
5.7
5.11
5.16
6.2
6.3
CVE-2023-32233
3.13
4.15
4.20
5.5
5.11
5.16
6.2
6.3
CVE-2023-2236
5.19
CVE-2023-2235
5.13
5.16
6.2
CVE-2023-31436
3.7
4.15
4.20
5.5.0
5.11
5.16
6.2
CVE-2023-2006
5.10
5.11
5.16
CVE-2023-0199
470
515
525
530
450
450
470
515
525
530
470
530
CVE-2023-0190
470
515
525
530
450
CVE-2023-0184
470
515
525
530
450
450
470
515
525
530
470
530
CVE-2023-2176
6.0
6.2
CVE-2023-2008
4.20
5.5
5.11
5.16
CVE-2023-1872
5.7
CVE-2023-1829
4.15
4.20
5.5
5.11
5.16
6.2
CVE-2023-1989
2.6.24
4.15
4.20
5.5
5.11
5.16
6.2
CVE-2023-1855
4.9
4.15
4.20
5.5
5.11
5.16
6.2
CVE-2023-1838
4.13
4.15
4.20
5.5
5.11
5.16
CVE-2023-1611
2.6.13
5.15
6.1
6.2
CVE-2023-0198
13.0
15.0
CVE-2023-0194
13.0
15.0
CVE-2023-0191
13.0
15.0
CVE-2023-0189
13.0
15.0
CVE-2023-0188
13.0
15.0
CVE-2023-0187
13.0
15.0
CVE-2023-0185
13.0
15.0
CVE-2023-0183
13.0
15.0
CVE-2023-0181
13.0
15.0
CVE-2023-0180
13.0
15.0
CVE-2023-1670
2.6.18
4.15
4.20
5.5
5.11
5.16
6.2
CVE-2022-4744
5.5
5.11
CVE-2023-1652
5.14
5.16
CVE-2023-0210
5.15
5.16
6.1
CVE-2023-0179
5.5.0
5.11
5.16
CVE-2023-1380
3.2.1
4.19
5.4
5.10
5.15
6.1
6.2
CVE-2023-1078
4.17
4.20
5.5
5.11
5.16
CVE-2023-1077
2.6.25
4.20
5.5
5.11
5.16
6.2
CVE-2023-1583
5.19
6.2.0
CVE-2023-1252
5.6
5.11
5.15
CVE-2023-28772
2.6.27
4.5
4.10
4.15
4.20
5.5
5.11
5.13
CVE-2023-0386
5.11
5.16
CVE-2022-4095
2.6.37
4.10
4.15
4.20
5.5
5.11
5.16
CVE-2023-1281
4.14
5.11
5.16
CVE-2022-48425
5.15
5.16
6.2
CVE-2022-48424
5.15
5.16
6.1
CVE-2023-1390
4.3
4.10
4.15
4.20
5.5
CVE-2023-28466
4.13
5.5
5.11
5.16
6.2
CVE-2022-3424
2.6.33
4.10
4.15
4.20
5.5
5.11
5.16
6.1
CVE-2023-1118
2.6.36
4.15
4.20
5.5
5.11
5.16
6.2
CVE-2023-0461
4.13.0
4.19
5.4
5.10
5.15
6.0
6.1
CVE-2023-26607
2.6.12
4.10
4.15
4.20
5.5.0
5.11
5.16
CVE-2023-26606
5.15
5.16
6.1
CVE-2023-26605
5.15.75
5.19.17
6.0.3
CVE-2023-26545
4.1
CVE-2023-26544
5.15
5.16
6.1
CVE-2023-0266
4.14
4.15
4.20
5.5
5.11
5.16
CVE-2022-4139
5.4
5.5
5.11
5.16
CVE-2022-41858
4.10
4.15
4.20
5.5.0
5.11
5.16
CVE-2023-23559
2.6.35
4.15
4.20
5.5
5.11
5.16
CVE-2022-3977
5.18
6.0
CVE-2023-23455
2.6.12
CVE-2023-23454
2.6.12
CVE-2022-4696
5.10
CVE-2022-4379
5.6
5.11
5.16
CVE-2022-2196
5.4.47
5.6.19
5.7.3
5.11
5.16
CVE-2022-4378
4.9.0
4.14.0
4.19.0
5.4.0
5.10.0
5.15.0
6.0.0
CVE-2022-42265
515
CVE-2022-42264
12.0
14.0
470
510
515
450
470
510
CVE-2022-42263
12.0
14.0
470
510
515
450
470
510
CVE-2022-42259
390
470
510
515
525
450
470
510
515
525
12.0
14.0
CVE-2022-42258
390
470
510
515
525
450
470
510
515
525
12.0
14.0
CVE-2022-42257
390
470
510
515
525
450
470
510
515
525
12.0
14.0
CVE-2022-42256
12.0
14.0
CVE-2022-42255
12.0
14.0
CVE-2022-42254
12.0
14.0
470
510
515
CVE-2022-34684
12.0
14.0
510
515
CVE-2022-34682
12.0
14.0
CVE-2022-34680
390
470
510
515
525
450
470
510
515
525
12.0
14.0
CVE-2022-34679
12.0
14.0
CVE-2022-34678
12.0
14.0
13.0
14.0
CVE-2022-34677
390
470
510
515
525
450
470
510
515
525
12.0
14.0
CVE-2022-34676
12.0
14.0
CVE-2022-34674
390
470
510
515
525
450
470
510
515
525
12.0
14.0
CVE-2022-34673
515
CVE-2022-34670
390
470
510
515
525
450
470
510
515
525
12.0
14.0
CVE-2022-47946
5.10
CVE-2022-47943
5.15
5.16
5.19
CVE-2022-47942
5.15
5.16
5.19
CVE-2022-47941
5.15
5.16
5.19
CVE-2022-47940
5.15
5.16
CVE-2022-47939
5.15
5.16
5.19
CVE-2022-47938
5.15
CVE-2022-47521
5.7
5.11
5.16
CVE-2022-47520
4.2.0
5.11
5.16
CVE-2022-47519
4.2
5.11
5.16
CVE-2022-47518
4.2
5.11
5.16
CVE-2022-4128
5.17
CVE-2022-45934
2.6.32
4.10
4.15
4.20
5.5
5.11
5.16
CVE-2022-45919
2.6.12
4.15
4.20
5.5
5.11
5.16
6.2
CVE-2022-45886
2.6.12
4.20
5.5
5.11
5.16
6.2
CVE-2022-42896
4.10
4.15
4.20
5.5
5.11
5.16
CVE-2022-3910
5.18
CVE-2022-34665
471.11
516.25
11.0
13.0
516.25
471.11
511.09
516.25
451.48
471.11
511.09
516.25
CVE-2022-31615
390
470
510
515
390
470
510
515
450
470
510
515
CVE-2022-31607
390
470
510
515
390
470
510
515
450
470
510
515
CVE-2022-34666
13.0
14.0
CVE-2022-43945
6.0
CVE-2022-43750
2.6.21
4.10
4.15
4.20
5.5
5.11
5.16
6.0
CVE-2022-3649
4.10
4.15
4.20
5.5
5.11
5.16
6.0
CVE-2022-3640
4.9.326
4.14.291
4.19.255
5.4.209
5.10.135
5.15.59
5.18.16
CVE-2022-3635
2.6.12
4.10
4.15
4.20
5.5
5.11
5.16
CVE-2022-3625
4.19
5.5
5.11
5.16
CVE-2022-3623
5.1
5.5
5.11
5.16
6.0
CVE-2022-3577
4.20
5.5
5.11
5.16
5.18
CVE-2022-3586
2.6.39
CVE-2022-3565
2.6.27
4.10
4.15
4.20
5.5
5.11
5.16
6.0
CVE-2022-3564
3.6
4.10
4.15
4.20
5.5.0
5.11
5.16
CVE-2022-3545
4.11
4.15
4.20
5.5
5.11
CVE-2022-3541
5.19
6.0
CVE-2022-3526
5.13
5.16
CVE-2022-42722
5.8
CVE-2022-42721
5.1
CVE-2022-42720
5.1
5.5
5.11
5.16
6.0
CVE-2022-41674
5.1
5.5
5.11
5.16
6.0
CVE-2022-42719
5.2
5.5
5.11
5.16
6.0
CVE-2022-41222
5.0
5.5
5.11
5.13
CVE-2022-3239
3.15
4.15
4.20
5.5
5.11
5.16
5.17
CVE-2022-3176
5.1
5.5
5.11
5.16
CVE-2022-2977
4.12
4.15
4.20
5.5
5.11
5.16
5.17
CVE-2022-3202
4.10
4.15
4.20
5.5.0
5.11
5.16
5.17
CVE-2022-40133
4.20
CVE-2022-3077
5.11
CVE-2022-38457
4.20
CVE-2022-38096
4.20
CVE-2022-36280
3.2
CVE-2022-2964
4.20
5.5
5.11
5.16
CVE-2022-39189
4.16
5.5.0
5.11
5.16
CVE-2022-1729
3.2.85
3.16.40
3.18.54
4.0.0
4.10
4.15
4.20
5.5.0
5.11
5.16
CVE-2020-27784
4.1
4.5
4.10
4.20
5.5
5.9.0
CVE-2022-3028
3.14
4.10
4.15
4.20
5.5
5.11
5.16
CVE-2022-2590
5.16
CVE-2022-1976
5.17.3
CVE-2022-1043
5.10.51
5.11
CVE-2022-1016
3.13
CVE-2022-0850
4.5
4.10
4.15
4.20
5.5.0
5.11
5.13
CVE-2021-3669
2.2.0.0
10.1.0
2.0
CVE-2022-2959
5.8
5.11
5.16
5.18
CVE-2022-2978
2.6.12
4.10
4.15
4.20
5.5
5.11
5.16
6.0
CVE-2021-4028
5.10
5.11
CVE-2022-2938
5.2
5.5
5.11
5.16
CVE-2022-23238
11.6.0
CVE-2022-1973
5.15
5.16
5.18
CVE-2022-36946
2.6.14
4.10
4.15
4.20
5.5
5.11
5.16
CVE-2022-36879
11.0
CVE-2022-1671
5.11
5.16
5.17
CVE-2022-1651
5.12
5.16
5.17
CVE-2022-34918
4.1
4.15
4.20
5.5
5.11
5.16
CVE-2022-1998
5.10.46
5.12.12
5.16.0
CVE-2022-32250
4.1
4.10
4.15
4.20
5.5
5.11
5.16
5.18
CVE-2022-1943
5.15
5.16
CVE-2022-1786
5.10
CVE-2022-1652
2.6.12
4.10
4.15
4.20
5.5
5.11
5.16
CVE-2022-1882
5.10.106
5.15.29
5.16.15
CVE-2022-1678
4.18
11.0
CVE-2022-28184
11.0
13.0
CVE-2022-28183
11.0
13.0
CVE-2022-28181
11.0
13.0
CVE-2022-29581
4.14
4.15
4.20
5.5
5.11
5.16
CVE-2022-1116
5.4.24
CVE-2022-1679
2.6.35
4.15
4.20
5.5
5.11
5.16
5.19
CVE-2022-30594
4.20
5.5.0
5.11
5.16.0
5.17
CVE-2022-1048
2.6.12
4.15
4.20
5.5
5.11
5.16
CVE-2022-1280
5.17
CVE-2022-29156
5.10.20
5.11.3
5.16
CVE-2022-28893
5.1
5.5
5.11
5.16
5.17
CVE-2022-28796
5.17
CVE-2022-28390
2.6.32
CVE-2022-0998
5.7
5.11
CVE-2022-1055
5.1
CVE-2022-0995
5.8
5.11
5.16
CVE-2022-0500
5.10
5.16
CVE-2022-0435
4.8
4.10
4.15
4.20
5.5
5.11
5.16
CVE-2021-4203
11.0.0
CVE-2021-4202
3.2
4.5
4.10
4.15
4.20
5.5.0
5.11
CVE-2021-4157
4.0
4.5
4.10
4.15
4.20
5.5
5.11
5.12
CVE-2021-4197
4.2
4.15
4.20
5.5
5.11
CVE-2022-0742
5.13
5.16
CVE-2022-27223
3.18
4.10
4.15
4.20
5.5
5.11
5.16
CVE-2022-26878
5.13
5.16
CVE-2022-0847
5.8
5.15
5.16
CVE-2022-26490
4.0
CVE-2021-3640
4.5
4.10
4.15
4.20
5.5.0
5.11
5.15
CVE-2022-0492
2.6.24
4.10
4.15
4.20
5.5
5.11
5.16
CVE-2021-3609
2.6.25
4.5
4.10
4.15
4.20
5.5.0
5.11
5.13
CVE-2021-3715
3.18
4.5
4.10
4.15
4.20
5.5.0
CVE-2020-36516
11.0
CVE-2022-0615
7.1.6.0
8.0.3.0
7.2.463.0
8.0.375.0
CVE-2022-25636
5.4
5.5
5.11
5.16
CVE-2021-20322
11.0
CVE-2021-3760
4.0
4.5
4.10
4.15
4.20
5.5
5.11
CVE-2021-3752
2.6.12
4.5
4.10
4.15
4.20
5.5
5.11
5.15
CVE-2022-0617
4.2.1
CVE-2022-0185
5.1
5.5
5.11
5.16
CVE-2021-4154
5.1
5.5
5.11
5.13
CVE-2022-24122
5.14
5.16
CVE-2021-34866
5.8
5.11
CVE-2021-4083
4.5
4.10
4.15
4.20
5.5.0
5.11
CVE-2022-23222
5.8.0
5.16
CVE-2021-43267
5.10
5.11
CVE-2021-43057
5.13
CVE-2021-43056
5.2
CVE-2021-42008
2.6.12
4.5
4.10
4.15
4.20
5.5
5.11
CVE-2021-3653
2.6.30
4.5
4.10
4.15
4.20
5.5
5.11
CVE-2021-38300
3.16
4.15
4.20
5.5
5.11
CVE-2021-41073
5.10
5.11
CVE-2021-1114
32.1
CVE-2021-1112
32.1
CVE-2021-1110
32.1
CVE-2021-1108
32.1
CVE-2021-1107
32.1
CVE-2021-1106
32.1
CVE-2021-38201
5.11.0
5.13.0
CVE-2021-38160
2.6.24
4.5
4.10
4.15
4.20
5.5
5.11
5.13
CVE-2021-37576
3.10
4.5
4.10
4.15
4.20
5.5
5.11
CVE-2021-29657
5.10
5.11
CVE-2021-1095
418.197.02
427.33
450.119.03
452.96
460.73.01
462.31
CVE-2021-1094
418.197.02
427.33
450.119.03
452.96
460.73.01
462.31
CVE-2021-1090
427.33
452.96
462.31
CVE-2021-33909
3.12.43
3.16
4.5
4.10
4.15
4.20
5.5
5.11
5.13
CVE-2021-35039
4.15
4.20
5.5
5.11
CVE-2021-28691
5.5.0
CVE-2021-34693
2.6.25
CVE-2021-3564
3.13
CVE-2020-36387
5.7
5.8
CVE-2021-3491
5.7
5.11
5.12
CVE-2021-3490
5.10
5.11
5.12
CVE-2021-3489
5.8
5.11
5.12
CVE-2021-20292
3.3
4.10
4.15
4.20
5.5
5.8
CVE-2021-33200
5.4.116
5.10.33
5.11.17
CVE-2020-27815
4.5
4.10
4.15
4.20
5.5
CVE-2020-25669
4.5
4.10
4.15
4.20
5.5
CVE-2020-25668
4.5
4.10
4.15
4.20
5.5
CVE-2020-25671
3.6
4.5
4.10
4.15
4.20
5.5
5.11
CVE-2020-25670
3.6
4.5
4.10
4.15
4.20
5.5
5.11
CVE-2021-31440
5.7
5.11
5.12
CVE-2021-32606
5.11
CVE-2020-26147
4.4
4.9
4.14
4.19
5.4
5.10
5.12
CVE-2020-35519
2.6.12
4.5
4.10
4.15
4.20
5.5
CVE-2021-23133
4.10
4.15
4.20
5.5
5.11
CVE-2021-1076
390
418
418
450
450
460
460
465
465
CVE-2021-3493
18.04.1
CVE-2021-3492
18.04.1
CVE-2021-29154
3.0
4.5
4.10
4.15
4.20
5.5
5.11
CVE-2021-29266
5.8
5.11
CVE-2021-3444
5.5.0
5.11
CVE-2021-28972
4.10
4.20
5.5.0
5.11
CVE-2021-28660
3.12
4.5
4.10
4.15
4.20
5.5
5.11
CVE-2021-28375
5.1
5.5
5.11
CVE-2021-20265
7.4.0
CVE-2021-27365
7.4.0
CVE-2021-27364
7.4.0
CVE-2021-28039
5.9.0
CVE-2021-28038
2.6.39
4.5.0
4.10.0
4.15.0
4.20.0
5.10.0
5.11.0
CVE-2021-20226
5.5
5.9.0
CVE-2020-35499
5.10
CVE-2021-26934
4.18
CVE-2021-26932
3.2
CVE-2021-26931
2.6.39
CVE-2021-26930
3.11
CVE-2021-26708
5.5
CVE-2020-24490
4.19
4.20
5.5.0
CVE-2021-1056
390
450
460
CVE-2021-1053
390
418
450
460
390
450
460
CVE-2021-1052
390
418
450
460
390
450
460
CVE-2020-36158
3.0
4.5
4.10
4.15
4.20
5.5
CVE-2020-29569
4.1.44
4.4.80
4.9.36
4.11.9
4.12
4.15
4.20
5.5
CVE-2020-27786
4.5
4.10
4.15
4.20
5.5
CVE-2020-29661
2.6.26
4.5
4.10
4.15
4.20
5.5
7.4.0
CVE-2020-29534
5.1
5.9.0
CVE-2020-29369
4.20
5.5
CVE-2020-29368
4.5.5
4.10
4.15
4.20
5.5
CVE-2019-20934
4.19
5.2
CVE-2020-15436
2.6.38
4.5
4.10
4.15
4.20
5.5
CVE-2020-27673
2.6.12
4.5.0
4.10.0
4.15.0
4.20.0
5.5.0
CVE-2020-25643
2.6.29
4.5
4.10
4.15
4.20
5.5
CVE-2020-14390
2.2.3
CVE-2020-14386
4.6
4.10
4.15
4.20
5.5
CVE-2020-15590
1.5.0
CVE-2020-25221
5.7.0
CVE-2020-25220
4.9.0
4.14
4.19
CVE-2020-24385
1.3
CVE-2020-14356
4.5
4.10
4.15
4.20
5.5
CVE-2020-16166
9.5
11.0.0
CVE-2020-15852
5.5
CVE-2020-15393
4.4
CVE-2020-10732
4.4
4.9
4.14
4.19
5.4
5.6
9.5
CVE-2020-10757
4.5
4.10
4.15
4.20
5.5
5.7
CVE-2020-13974
4.5
4.10
4.15
4.20
5.5
5.7
CVE-2020-13143
3.16
CVE-2019-20794
4.18
CVE-2020-12659
4.18
4.20
5.5
CVE-2020-12114
4.4.0
4.9.0
4.14
4.19
5.0
CVE-2020-12465
4.16
4.20
5.5
CVE-2020-12464
3.17
4.5
4.10
4.15
4.20
5.5
CVE-2020-11884
4.15
4.20
5.5
CVE-2019-20636
3.17
4.5
4.10
4.15
4.20
CVE-2020-11494
3.16
CVE-2020-8835
5.4.7
5.5.0
5.6
CVE-2020-9391
5.5
CVE-2020-9383
3.16
CVE-2011-2498
2.3.36
CVE-2019-3016
4.16
CVE-2020-8428
4.19
CVE-2019-18282
4.3
11.0.0
CVE-2020-7053
4.14
4.19
5.0
CVE-2019-19332
3.13
CVE-2019-20095
11.0.0
CVE-2019-20054
11.0
CVE-2019-19966
11.0
CVE-2019-19965
11.0.0
CVE-2019-19947
11.0
CVE-2019-5108
11.0.0
CVE-2019-19922
11.0
CVE-2019-19816
2.6.12
4.5
4.10
4.15
4.20
9.5
CVE-2019-19813
9.5
CVE-2019-19807
4.9.199
4.14.152
4.19.82
5.2
CVE-2019-19448
2.6.31
4.5.0
4.10
4.15
4.20
5.5.0
5.8
CVE-2019-19447
2.6.12
3.17
4.5.0
4.10
4.15
4.20
5.4
CVE-2019-19527
2.6.30
3.17
4.5
4.10
4.15
4.20
CVE-2019-19462
9.5
CVE-2019-19377
2.6.12
4.20
5.5.0
5.6
CVE-2019-14901
3.15
3.17
4.5
4.10
4.15
4.20
CVE-2019-14897
2.6.32
3.17
4.5
4.10
4.15
4.20
CVE-2019-14895
3.7
3.17
4.5
4.10
4.15
4.20
CVE-2019-19318
9.5
CVE-2019-10220
2.6.12
3.17
4.5
4.10
4.15
4.20
CVE-2019-14896
2.6.32
3.17
4.5
4.10
4.15
4.20
CVE-2019-18675
3.17
3.19
4.5
4.10
4.15
CVE-2019-10207
3.0
5.0
CVE-2019-14815
4.10
4.15
4.20
CVE-2019-19079
4.18
4.20
CVE-2019-19078
4.14
4.15
4.20
CVE-2019-19075
4.12
4.15
4.20
CVE-2019-19074
4.5
4.10
4.15
4.20
CVE-2019-19071
4.14
4.15
4.20
5.4.0
CVE-2019-19070
4.17
CVE-2019-19069
5.1
11.0.0
CVE-2019-19064
5.2
CVE-2019-19061
3.9
4.5
4.10
4.15
4.20
CVE-2019-19060
3.8
4.5
4.10
4.15
4.20
CVE-2019-19053
4.20
CVE-2019-19052
3.16
3.17
4.5
4.10
4.15
4.20
CVE-2019-19050
4.20
5.4
11.0.0
CVE-2019-19049
3.17
4.5
4.10
4.15
4.20
CVE-2019-19048
4.16
4.20
CVE-2019-19044
5.3
CVE-2007-3732
2.6.0
CVE-2019-18813
4.19
4.20
CVE-2019-18812
5.3
CVE-2019-18810
5.3
CVE-2019-18805
4.4
4.9
4.14
4.19
5.0
11.0.0
CVE-2019-18683
3.18
4.5
4.10
4.15
4.20
5.4
11.0.0
CVE-2019-18680
4.4.179
CVE-2019-18198
5.3
CVE-2019-17666
3.17
4.5
4.10
4.15
4.20
5.3
CVE-2019-17347
4.1.0
CVE-2019-17133
2.6.32
3.17
4.5
4.10
4.15
4.20
CVE-2019-17075
2.6.35
4.5.0
4.10
4.15
4.20
CVE-2019-17052
3.16
CVE-2019-16995
3.17
4.4
4.9
4.14
4.19
4.20
5.0
CVE-2019-16746
2.6.25
3.17
4.5
4.10
4.15
4.20
CVE-2019-16714
5.0.0
CVE-2019-14816
3.6
3.17
4.5
4.10
4.15
4.20
CVE-2019-14814
3.7
3.17
4.5
4.10
4.15
4.20
CVE-2019-14821
2.6.27
3.16
4.4
4.9
4.14
4.19
5.2
5.3
CVE-2019-14835
2.6.34
4.4
4.9
4.14
4.19
5.2
CVE-2019-15927
3.17
3.19
4.5
4.10
4.15
4.20
CVE-2019-15926
3.2
3.17
4.5
4.10
4.15
4.20
5.2.0
CVE-2019-15925
4.14
4.15
4.20
5.2
CVE-2017-18595
3.10
3.17
3.19
4.2
4.5
4.10
CVE-2019-15918
4.13.5
4.15
4.20
CVE-2019-15917
3.12.61
4.7
4.10
4.15
4.20
CVE-2019-15916
2.6.38
3.17
3.19
4.5
4.10
4.15
4.20
5.0
CVE-2019-15902
4.4
4.9
4.14
4.19
5.2
CVE-2019-15538
4.7
4.14
4.19
5.2
CVE-2019-15505
3.17
4.5
4.10
4.15
4.20
5.3
CVE-2019-15504
4.17
4.20
CVE-2019-15292
3.17
3.19
4.5
4.10
4.15
4.20
CVE-2016-10905
3.4
3.17
4.5
CVE-2019-15099
4.14
4.15
4.20
5.4.0
CVE-2019-15098
9.5
CVE-2017-18509
3.17
4.5
4.10
CVE-2018-20961
4.4
4.5
4.10
4.15.0
CVE-2019-10142
5.0
CVE-2018-16871
3.0
CVE-2017-18379
4.10
CVE-2016-10764
4.8
CVE-2012-6712
2.6.27
CVE-2011-5327
2.6.39
CVE-2018-20855
9.5
CVE-2019-13272
3.16.52
4.1.39
4.4.40
4.8.16
4.9.1
4.10
4.15
4.20
11.0.0
CVE-2019-10639
4.1
5.0
CVE-2019-6637
12.1.0
13.0.0
14.0.0
14.1.0
CVE-2019-3896
2.6.0
CVE-2019-11479
4.4
4.9
4.14
4.19
5.1
11.5.2
12.1.0
13.1.0
14.0.0
14.1.2
15.0.0
11.5.2
12.1.0
13.1.0
14.0.0
14.1.2
15.0.0
11.5.2
12.1.0
13.1.0
14.0.0
14.1.2
15.0.0
11.5.2
12.1.0
13.1.0
14.0.0
14.1.2
15.0.0
11.5.2
12.1.0
13.1.0
14.0.0
14.1.2
15.0.0
11.5.2
12.1.0
13.1.0
14.0.0
14.1.2
15.0.0
11.5.2
12.1.0
13.1.0
14.0.0
14.1.2
15.0.0
11.5.2
12.1.0
13.1.0
14.0.0
14.1.2
15.0.0
11.5.2
12.1.0
13.1.0
14.0.0
14.1.2
15.0.0
11.5.2
12.1.0
13.1.0
14.0.0
14.1.2
15.0.0
11.5.2
12.1.0
13.1.0
14.0.0
14.1.2
15.0.0
11.5.2
12.1.0
13.1.0
14.0.0
14.1.2
15.0.0
11.5.2
12.1.0
13.1.0
14.0.0
14.1.2
15.0.0
5.1.0
6.0.0
5.0.0
CVE-2019-11478
4.5
4.10
4.15
4.20
11.5.2
12.1.0
13.1.0
14.0.0
11.5.2
12.1.0
13.1.0
14.0.0
11.5.2
12.1.0
13.1.0
14.0.0
11.5.2
12.1.0
13.1.0
14.0.0
11.5.2
12.1.0
13.1.0
14.0.0
11.5.2
12.1.0
13.1.0
14.0.0
11.5.2
12.1.0
13.1.0
14.0.0
11.5.2
12.1.0
13.1.0
14.0.0
11.5.2
12.1.0
13.1.0
14.0.0
11.5.2
12.1.0
13.1.0
14.0.0
11.5.2
12.1.0
13.1.0
14.0.0
11.5.2
12.1.0
13.1.0
14.0.0
11.5.2
12.1.0
13.1.0
14.0.0
5.0.0
CVE-2019-11477
2.6.29
3.17
4.5
4.10
4.15
4.20
11.5.2
12.1.0
13.1.0
14.0.0
11.5.2
12.1.0
13.1.0
14.0.0
11.5.2
12.1.0
13.1.0
14.0.0
11.5.2
12.1.0
13.1.0
14.0.0
11.5.2
12.1.0
13.1.0
14.0.0
11.5.2
12.1.0
13.1.0
14.0.0
11.5.2
12.1.0
13.1.0
14.0.0
11.5.2
12.1.0
13.1.0
14.0.0
11.5.2
12.1.0
13.1.0
14.0.0
11.5.2
12.1.0
13.1.0
14.0.0
11.5.2
12.1.0
13.1.0
14.0.0
11.5.2
12.1.0
13.1.0
14.0.0
11.5.2
12.1.0
13.1.0
14.0.0
5.0.0
CVE-2019-10126
4.2
4.5
4.10
4.15
4.20
9.5
CVE-2019-12615
2.6.12.1
4.19
5.1
9.5
CVE-2019-11815
4.3
4.9
4.14
4.19
5.0
9.5
7.2
7.2
CVE-2019-11811
4.18
4.20
CVE-2019-11810
3.17
3.19
4.5
4.10
4.15
4.20
CVE-2018-20836
3.17
3.19
4.5
4.10
4.15
9.5
7.2
7.2
CVE-2019-11683
5.0
CVE-2019-11599
2.16.12
3.17
4.5
4.10
4.15
4.20
CVE-2019-3900
2.6.34
3.17
4.5
4.10
4.15
4.20
9.5
7.2
7.2
7.2
CVE-2019-3882
9.5
7.2
7.2
7.2
CVE-2019-11487
4.5
4.10
4.15
4.20
CVE-2019-11486
3.17
3.19
4.5
4.10
4.15
4.20
CVE-2019-8956
4.17
4.20
CVE-2019-10125
4.19
5.0
9.5
CVE-2019-10063
1.1.0
1.2.0
CVE-2018-20669
4.13
4.15
4.20
CVE-2019-9213
4.9
4.14
4.19
4.20
CVE-2019-9162
4.19
4.20
CVE-2019-9003
4.18
4.20
CVE-2018-20784
4.13
4.19
4.20
CVE-2019-8980
4.7
4.14
4.19
4.20
5.0
CVE-2019-8912
4.10
4.19
4.20
CVE-2019-6974
3.10
3.17
3.19
4.5
4.10
4.15
4.20
13.0.0
14.0.0
15.0.0
13.0.0
14.0.0
15.0.0
13.0.0
14.0.0
15.0.0
13.0.0
14.0.0
15.0.0
13.0.0
14.0.0
15.0.0
13.0.0
14.0.0
15.0.0
13.0.0
14.0.0
15.0.0
13.0.0
14.0.0
15.0.0
13.0.0
14.0.0
15.0.0
13.0.0
14.0.0
15.0.0
13.0.0
14.0.0
15.0.0
13.0.0
14.0.0
15.0.0
CVE-2019-7308
4.20.0
CVE-2018-16880
4.16
4.20
CVE-2019-3819
4.18
CVE-2018-16885
3.10.0
CVE-2018-16882
4.14
4.15
CVE-2018-16884
3.7
3.17
3.19
4.5
4.10
4.15
4.20
CVE-2018-20169
3.17
3.19
4.5
4.10
4.15
CVE-2018-18955
4.15
CVE-2018-18281
3.2
4.9.136
4.14.79
4.18.17
CVE-2018-18559
3.2.95
3.14.58
3.18.25
4.1.14
4.2.7
4.3.1
4.5
4.10
CVE-2018-18445
4.14.9
4.15
CVE-2018-14634
2.6.0
3.10.0
4.14.0
CVE-2018-14633
3.1
3.17
3.19
4.5
4.10
4.15
CVE-2018-17182
3.16
3.17
3.19
4.5
4.10
4.15
CVE-2018-5391
3.9
11.5.1
12.1.0
13.0.0
14.0.0
14.1.0
11.5.1
12.1.0
13.0.0
14.0.0
14.1.0
11.5.1
12.1.0
13.0.0
14.0.0
14.1.0
11.5.1
12.1.0
13.0.0
14.0.0
14.1.0
11.5.1
12.1.0
13.0.0
14.0.0
14.1.0
11.5.1
12.1.0
13.0.0
14.0.0
14.1.0
11.5.1
12.1.0
13.0.0
14.0.0
14.1.0
11.5.1
12.1.0
13.0.0
14.0.0
14.1.0
11.5.1
12.1.0
13.0.0
14.0.0
14.1.0
11.5.1
12.1.0
13.0.0
14.0.0
14.1.0
11.5.1
12.1.0
13.0.0
14.0.0
14.1.0
11.5.1
12.1.0
13.0.0
14.0.0
14.1.0
11.5.1
12.1.0
13.0.0
14.0.0
14.1.0
1.1
CVE-2018-16276
2.6.37
3.17
3.19
4.5
4.10
4.15
CVE-2018-14619
4.14
CVE-2018-15471
4.7
4.10
4.15
CVE-2018-5390
4.9
6.6.0
6.7.0
11.5.1
12.1.0
13.0.0
11.5.1
12.1.0
13.0.0
11.5.1
12.1.0
13.0.0
11.5.1
12.1.0
13.0.0
11.5.1
12.1.0
13.0.0
11.5.1
12.1.0
13.0.0
11.5.1.
12.1.0
13.0.0
11.5.1
12.1.0
13.0.0
11.5.1
12.1.0
13.0.0
11.5.1
12.1.0
13.0.0
11.5.1
12.0.0
11.5.1
12.1.0
13.0.0
11.5.1
12.1.0
13.0.0
5.0.0
CVE-2017-7482
3.3
3.11
3.17
3.19
4.2
4.5
4.10
CVE-2018-14678
4.14.21
4.15.5
CVE-2018-10878
3.17
3.19
4.5
4.10
4.15
CVE-2017-7558
4.7
CVE-2018-5873
3.19
4.2
4.5
4.10
CVE-2018-13406
2.6.24
3.17
3.19
4.5
4.10
4.15
CVE-2018-13405
13.0.0
14.0.0
15.0.0
13.0.0
14.0.0
15.0.0
13.0.0
14.0.0
15.0.0
13.0.0
14.0.0
15.0.0
13.0.0
14.0.0
15.0.0
13.0.0
14.0.0
15.0.0
13.0.0
14.0.0
15.0.0
13.0.0
14.0.0
15.0.0
13.0.0
14.0.0
15.0.0
13.0.0
14.0.0
15.0.0
13.0.0
14.0.0
15.0.0
13.0.0
14.0.0
15.0.0
13.0.0
14.0.0
15.0.0
CVE-2018-1000204
3.18
CVE-2018-12714
4.17
CVE-2018-5814
4.5
4.10
4.15
CVE-2018-5803
3.3
4.3
4.10
4.15
CVE-2018-12233
2.6.12
3.17
3.19
4.5
4.10
4.15
CVE-2018-11506
4.11
4.15
CVE-2018-11412
4.13
CVE-2018-1118
4.8
CVE-2018-6920
10.0
11.0
CVE-2018-8897
11.0
CVE-2018-10675
3.3
3.17
3.19
4.2
4.5
4.10
CVE-2018-8781
3.4
3.17
3.19
4.2
4.5
4.10
4.15
CVE-2018-8822
2.6.12
3.3
3.17
3.19
4.2
4.5
4.10
4.15
CVE-2018-1068
3.3
3.17
3.19
4.2
4.5
4.10
4.15
CVE-2017-18218
4.5
4.10
CVE-2017-18202
4.6
4.10
CVE-2018-7480
4.1.41
4.3
4.5
4.10
CVE-2018-1000028
4.4.111
4.9.76
4.14.8
4.15.1
CVE-2018-1000026
2.6.12
4.5.0
4.10
4.15
CVE-2017-16914
4.1.0
4.4.0
4.9.0
4.14.0
CVE-2017-16913
4.1.0
4.4.0
4.9.0
4.14.0
CVE-2017-16912
4.1.0
4.4.0
4.9.0
4.14.0
CVE-2017-16911
4.4.0
4.9.0
4.14.0
CVE-2017-18079
3.3
3.17
3.19
4.2
4.5
4.10
CVE-2017-18075
4.2
4.5
4.10
CVE-2018-5703
4.13
4.15
CVE-2017-15126
4.11
CVE-2018-5332
3.3
3.17
3.19
4.2
4.5
4.10
CVE-2017-15129
4.0
CVE-2017-18017
3.2
3.3
3.11
3.17
3.19
4.2
4.5
4.10
6.2.0
CVE-2017-17863
4.9.0
CVE-2017-17857
4.14
CVE-2017-17856
4.14
CVE-2017-17855
4.14
CVE-2017-17854
4.14
CVE-2017-17853
4.14
CVE-2017-17852
4.14
CVE-2017-16996
4.14
CVE-2017-16995
4.9
4.10
CVE-2017-17806
3.3
3.17
3.19
4.2
4.5
4.10
CVE-2017-17805
2.6.25
3.3
3.17
3.19
4.2
4.5
4.10
CVE-2017-17712
3.19
4.2
4.5
4.10
CVE-2017-1000407
2.6.32
CVE-2017-15868
3.2
3.3
3.11
3.17
CVE-2017-8824
2.6.14
3.3
3.17
3.19
4.2
4.5
4.10
CVE-2017-1000405
3.2.87
3.10.106
3.12.73
3.16.42
3.18.55
4.1.41
4.4.70
4.9.7
4.10
CVE-2017-17053
4.4.144
4.6
4.10
CVE-2017-17052
4.7
4.10
CVE-2017-16939
2.6.28
3.3
3.17
3.19
4.2
4.5
4.10
CVE-2017-15115
3.3
3.17
3.19
4.2
4.5
4.10
CVE-2017-16534
4.4
4.5
4.10
CVE-2017-16533
3.3
3.17
3.19
4.2
4.5
4.10
CVE-2017-16532
3.3
3.17
3.19
4.2
4.5
4.10
CVE-2017-16531
3.3
3.17
3.19
4.2
4.5
4.10
CVE-2017-16530
3.17
3.19
4.2
4.5
4.10
CVE-2017-16529
3.3
3.17
3.19
4.2
4.5
4.10
CVE-2017-16528
3.19
4.2
4.5
4.10
CVE-2017-16527
3.3
3.17
3.19
4.2
4.5
4.10
CVE-2017-16526
3.3
3.17
3.19
4.2
4.5
4.10
CVE-2017-16525
2.6.18
3.3
3.11
3.17
3.19
4.2
4.5
4.10
CVE-2017-15951
4.4
4.5
4.10
CVE-2017-15265
3.3
3.11
3.17
3.19
4.2
4.5
4.10
CVE-2017-12188
4.6
4.10
CVE-2017-1000253
2.6.25
3.3
3.5
3.11
3.13
3.15
3.17
3.19
4.0
CVE-2017-1000112
2.6.15
3.11
3.17
3.19
4.5
4.10
CVE-2017-1000111
2.6.27
3.3
3.11
3.17
3.19
4.2
4.5
4.10
CVE-2017-14497
4.6
4.10
CVE-2017-1000251
2.6.32
3.3
3.17
3.19
4.2
4.5
4.10
4.13
CVE-2017-12146
3.17
3.19
4.2
4.5
4.10
4.12
CVE-2017-13715
4.2
CVE-2017-10663
3.8
3.19
4.2
4.5
4.10
CVE-2017-10662
3.19
4.2
4.5
4.10
4.11
CVE-2017-10661
3.3
3.17
3.19
4.2
4.5
4.10
CVE-2017-12762
3.18
3.19
4.5
4.10
CVE-2017-7533
3.14
3.17
3.19
4.5
4.10
CVE-2017-7541
3.9
3.11
3.17
3.19
4.2
4.5
4.10
4.12
CVE-2017-11600
2.6.21
3.3
3.11
3.19
4.2
4.5
4.10
CVE-2017-11473
3.3
3.17
3.19
4.2
4.5
4.10
CVE-2017-1000363
2.6.12
3.3
3.11
3.17
3.19
4.2
4.5
4.10
CVE-2017-11176
3.3
3.17
3.19
4.2
4.5
4.10
4.12
CVE-2017-10810
4.2
4.5
4.10
CVE-2017-8797
4.0
4.2
4.5
4.11
CVE-2017-9985
3.19
4.2
4.5
4.10
CVE-2017-9984
3.19
4.2
4.5
4.10
CVE-2017-1000379
2.6.12
3.3
3.11
3.17
3.19
4.2
4.5
4.10
CVE-2017-1000371
4.1
4.2
4.5
4.10
4.12
CVE-2017-1000370
4.1
4.2
4.5
4.10
4.12
CVE-2017-1000365
2.6.23
3.3
3.11
3.17
3.19
4.2
4.5
4.10
CVE-2017-9077
3.3
3.17
3.19
4.5
4.10
CVE-2017-9076
3.3
3.17
3.19
4.5
4.10
CVE-2017-9075
3.3
3.17
3.19
4.2
4.5
4.10
CVE-2017-9074
3.3
3.17
3.19
4.2
4.5
4.10
CVE-2017-7487
3.3
3.17
3.19
4.2
4.5
4.10
CVE-2017-8890
3.3
3.11
3.17
3.19
4.2
4.5
4.10
CVE-2015-9004
3.10.65
3.12
3.14.29
3.18.3
CVE-2014-9940
3.17
CVE-2017-7895
3.3
3.17.0
4.2
4.5.0
4.10
CVE-2017-7477
4.6
4.10
CVE-2010-5321
2.6.0
CVE-2017-8067
4.9
4.10
CVE-2017-8064
4.9
4.10
CVE-2017-8063
4.9
4.10
CVE-2017-8062
4.9
4.10
CVE-2017-7645
3.3
3.11
3.13
3.17
3.19
4.2
4.5
4.10
CVE-2017-7889
3.3
3.11
3.13
3.17
3.19
4.2
4.5
4.10
CVE-2017-7618
3.15
3.17
3.19
4.2
4.5
4.10
CVE-2016-5870
3.0.0
CVE-2016-10229
3.2
3.3
3.5
3.11
3.13
3.15
3.17
3.19
4.2
CVE-2017-7374
4.2
4.5
4.10
CVE-2017-7308
2.6.27
3.3
3.11
3.13
3.17
3.19
4.2
4.5
4.10
CVE-2017-7294
3.2
3.3
3.11
3.13
3.17
3.19
4.2
4.5
4.10
CVE-2017-5897
3.7
3.11
3.13
3.17
3.19
4.5
CVE-2017-7187
3.19
4.2
4.5
4.10
CVE-2017-7184
3.3
3.11
3.13
3.17
3.19
4.2
4.5
4.10
CVE-2017-6874
4.9
4.10
CVE-2017-2636
2.6.31
3.3
3.11
3.13
3.17
3.19
4.2
4.5
4.10
CVE-2016-10200
3.0.34
3.2.20
3.4.2
3.13
3.17
3.19
4.5
CVE-2015-2877
2.6.32
CVE-2017-6347
4.0
4.5
4.10
CVE-2017-6346
3.1
3.3
3.11
3.13
3.17
4.2
4.5
CVE-2016-8636
4.8
CVE-2017-6074
3.3
3.11
3.13
3.17
3.19
4.2
4.5
CVE-2017-6001
3.18.54
4.0
4.5
CVE-2017-5972
3.0.0
CVE-2016-10044
3.17
4.5
CVE-2014-9914
3.7.8
3.11
3.13
3.15
CVE-2017-5576
4.5
CVE-2017-5547
4.4
4.5
CVE-2017-5546
4.7
CVE-2016-10150
4.8.0
CVE-2016-9754
3.5
3.11
3.13
3.15
3.17
3.19
4.2
4.5
CVE-2016-10088
3.11
3.13
3.17
3.19
4.2
4.5
4.9
CVE-2016-9806
3.12
3.13
3.15
3.17
3.19
4.2
4.5
CVE-2016-9794
3.3
3.11
3.13
3.17
3.19
4.5
CVE-2016-9793
3.5
3.13
3.17
3.19
4.2
4.5
CVE-2016-9777
4.8
CVE-2016-9576
4.0
4.5
CVE-2016-6787
3.3
3.17
3.19
CVE-2016-6786
3.3
3.17
3.19
CVE-2012-6704
3.3
CVE-2016-9120
3.14
3.17
3.19
4.2
4.5
CVE-2015-8967
3.19
CVE-2016-9919
4.8.10
CVE-2016-8655
3.2
3.3
3.11
3.13
3.17
3.19
4.2
4.5
CVE-2016-9555
3.2
3.3
3.11
3.13
3.17
3.19
4.5.0
CVE-2016-9313
4.7
CVE-2016-9083
3.6
3.11
3.13
3.17
3.19
4.2
4.5
CVE-2016-8632
2.6.16
3.3
3.17
4.2
4.5
CVE-2016-7913
3.11
3.13
3.19
4.2
4.5
CVE-2016-7912
3.15
3.17
4.2
4.5
CVE-2016-7911
3.3
3.11
3.13
3.17
3.19
4.2
4.5
CVE-2016-7910
3.3
3.11
3.13
3.15
3.17
3.19
4.2
4.5
4.7
CVE-2015-8963
3.3
3.17
3.19
CVE-2015-8962
3.3
3.12
3.13
3.17
3.19
CVE-2015-8961
3.10.85
3.12.46
3.14.49
3.18.20
4.1.4
4.2
4.3
CVE-2016-5195
2.6.22
3.3
3.5
3.11
3.13
3.17
3.19
4.2
4.5
4.8
5.1
7.1.0
CVE-2016-8666
3.14
3.17
3.19
4.2
4.5
CVE-2016-7425
3.2
3.3
3.11
3.13
3.17
3.19
4.2
4.5
4.8
CVE-2016-7039
4.0
4.2
4.5
CVE-2015-3288
3.4
3.10
3.12
3.14
3.16
3.18
4.1.0
CVE-2016-7117
2.6.33
3.3
3.5
3.11
3.13
3.15
3.17
3.19
4.2.0
4.5.0
CVE-2016-5343
3.0
CVE-2015-8955
3.18
3.19
CVE-2015-0572
3.0
CVE-2016-5344
3.0
CVE-2016-5342
3.0
CVE-2016-5340
3.0
CVE-2016-2065
3.0
CVE-2016-2064
3.0
CVE-2016-2063
3.0
CVE-2015-0573
3.0
CVE-2015-0568
3.0
CVE-2014-9410
3.0
CVE-2016-6187
4.5
CVE-2016-3841
3.3
3.13
3.17
3.19
4.2
4.3
CVE-2016-2068
3.0
CVE-2016-2067
3.0
CVE-2016-4997
2.6.17
3.3
3.11
3.13
3.15
3.17
3.19
4.2
4.5
CVE-2016-3955
3.3
3.11
3.13
3.17
3.19
4.2
4.5
CVE-2012-6703
3.3
CVE-2016-5829
3.3
3.11
3.13
3.15
3.17
3.19
4.2
4.5
CVE-2016-5828
3.9
3.11
3.15
3.17
3.19
4.2
4.6
CVE-2016-4440
4.5
CVE-2016-1583
2.6.19
3.19
4.5
CVE-2016-0758
3.7
3.13
3.17
3.19
CVE-2014-9904
3.7
3.13
CVE-2016-2066
3.0
CVE-2016-2061
3.0
CVE-2016-4951
3.19
4.2
4.5
CVE-2016-4913
3.3
3.11
3.13
3.15
3.17
3.19
4.2
4.5
CVE-2016-4805
2.6.30
3.3
3.11
3.13
3.15
3.17
3.19
4.2
4.5
CVE-2016-4794
3.18
3.19
4.2
4.5
CVE-2016-4568
4.4
4.5
CVE-2016-4565
3.3
3.11
3.13
3.15
3.17
3.19
4.2
4.5
CVE-2016-4558
4.4
4.5
CVE-2016-4557
4.4
4.5
CVE-2015-0571
4.0.0
3.0.0
CVE-2015-0570
4.0.0
3.0.0
CVE-2015-0569
3.0.0
4.0.0
CVE-2016-2062
3.0
CVE-2016-2059
3.0
CVE-2016-2854
3.0.0
4.0.0
CVE-2016-2853
3.0.0
4.0.0
CVE-2016-2070
4.3
CVE-2015-1350
3.0
CVE-2012-6701
3.1
3.3
3.4
CVE-2012-6689
3.1
3.3
3.5
CVE-2016-3135
4.2
4.5
CVE-2016-2143
2.6.25
3.3
3.13
3.17
4.2
CVE-2015-8816
2.6.28
3.3
3.5
3.11
3.13
3.15
3.17
3.19
4.2
CVE-2015-8812
3.3
3.11
3.13
3.15
3.17
3.19
4.2.0
CVE-2016-0728
3.8
3.11
3.13
3.15
3.17
3.19
4.2
4.4
CVE-2015-8787
3.19
4.2
CVE-2015-8660
3.18
3.19
4.2
CVE-2015-8543
3.3
3.5
3.11
3.13
3.15
3.17
3.19
4.2
CVE-2015-7869
304
340
352
358
340
352
358
CVE-2015-8104
4.0.0
4.1.0
4.2.0
4.3.0
5.0.0
CVE-2015-7312
3.0.0
4.0.0
CVE-2015-5307
4.0.0
4.1.0
4.2.0
4.3.0
5.0.0
CVE-2015-2925
3.3
3.5
3.11
3.13
3.15
3.17
3.19
4.2
CVE-2015-7613
3.3
3.5
3.11
3.13
3.15
3.17
3.19
4.2
CVE-2015-5707
2.6.0
CVE-2015-4036
3.11
3.13
3.15
3.17
3.19
CVE-2015-5706
3.0
4.0
CVE-2015-5364
3.3
3.5
3.11
3.13
3.15
3.17
3.19
CVE-2015-5157
3.13
3.15
3.17
3.19
CVE-2015-3290
3.13
3.15
3.17
3.19
CVE-2015-4004
3.4
CVE-2015-4003
3.4
3.5
3.11
3.13
3.15
3.17
3.19
CVE-2015-4002
3.5
3.11
3.13
3.15
3.17
3.19
CVE-2015-3331
3.3
3.5
3.12
3.13
3.15
3.17
3.19
CVE-2015-2666
3.9
3.11
3.13
3.15
3.17
CVE-2014-9710
3.11
3.13
3.15
3.17
CVE-2015-1465
3.10.50
3.12.26
3.14.14
3.15.7
3.17
CVE-2015-1421
2.6.24
3.3
3.5
3.11
3.13
3.15
3.17
CVE-2015-0274
3.11
CVE-2014-8173
3.9
3.11
CVE-2014-8159
2.6.12
3.3
3.5
3.11
3.13
3.15
3.17
3.19
CVE-2014-9529
3.3
3.5
3.11
3.13
3.15
3.17
CVE-2014-9428
3.13
3.15
3.17
CVE-2014-4322
3.0.0
CVE-2014-9322
3.3
3.5
3.11
3.13
3.15
3.17
CVE-2014-4323
3.0.0
CVE-2014-7826
2.6.32
3.3
3.5
3.11
3.13
3.15
3.17
CVE-2014-7825
2.6.32
3.3
3.5
3.11
3.13
3.15
3.17
CVE-2014-3687
2.6.27
3.3
3.5
3.11
3.13
3.15
3.17
CVE-2014-3673
2.6.12
3.3
3.5
3.11
3.13
3.15
3.17
CVE-2014-7145
3.6
3.11
3.13
3.15
CVE-2014-6418
3.3
3.5
3.11
3.13
3.15
CVE-2014-6417
3.5
3.11
3.13
3.15
CVE-2014-6416
3.3
3.5
3.11
3.13
3.15
CVE-2014-3631
3.13
3.15
CVE-2014-3186
2.6.35
3.3
3.5
3.11
3.13
3.15
CVE-2014-3185
3.3
3.5
3.11
3.13
3.15
CVE-2014-3183
3.15
CVE-2014-3182
3.3
3.5
3.11
3.13
3.15
CVE-2014-3181
2.6.37
3.3
3.5
3.11
3.13
3.15
CVE-2014-5206
3.8
3.11
3.13
3.15
CVE-2014-5077
2.6.24
3.3
3.5
3.11
3.13
3.15
CVE-2014-3534
3.3
3.5
3.11
3.13
3.15
CVE-2014-4943
2.6.23
3.3
3.5
3.11
3.13
3.15
CVE-2014-4699
2.6.17
3.3
3.5
3.11
3.13
3.15
CVE-2014-4027
11.1.0
11.3.0
11.1.0
11.4.0
11.1.0
11.1.0
11.1.0
11.1.0
11.1.0
11.3.0
11.1.0
11.1.0
11.1.0
4.0.0
4.2.0
4.0.0
3.0.0
CVE-2014-3153
3.3
3.5
3.11
3.13
CVE-2014-1737
3.3
3.5
3.11
3.13
CVE-2014-0196
3.3
3.5
3.11
3.13
11.1.0
11.3.0
11.1.0
11.4.0
11.1.0
11.1.0
11.1.0
11.1.0
11.1.0
11.3.0
11.1.0
11.1.0
11.1.0
4.0.0
4.2.0
4.0.0
CVE-2014-2851
3.0
3.3
3.5
3.11
3.13
CVE-2014-2706
3.3
3.5
3.11
3.13
CVE-2014-2672
3.2
3.3
3.5
3.11
3.13
CVE-2014-2568
3.0
CVE-2014-2523
3.3
3.5
3.11
3.13.0
CVE-2014-0131
3.0
CVE-2014-0100
3.9
3.11
3.13
CVE-2014-0101
2.6.24
3.3
3.5
3.11
3.13
11.1.0
11.3.0
11.1.0
11.4.0
11.1.0
11.1.0
2.1.0
3.0.0
11.1.0
11.1.0
11.1.0
11.3.0
11.1.0
11.1.0
11.1.0
4.0.0
4.2.0
4.0.0
CVE-2014-0069
3.3
3.5
3.11
3.13
CVE-2012-6638
3.1
CVE-2014-0038
3.4
3.5
3.11
3.13
CVE-2013-4587
3.3
3.5
3.11
CVE-2013-6383
2.6.12
3.3
3.5
3.11
CVE-2013-6381
3.3
3.5
3.11
CVE-2013-6282
3.3
3.5
CVE-2013-4563
3.9.8
3.11
CVE-2013-6763
3.3
3.5
3.11
CVE-2013-4511
2.6.12
3.3
3.5
3.11
CVE-2013-4348
3.2
3.3
3.5
3.11
3.12
CVE-2013-4343
3.8
3.11
CVE-2013-4300
3.8.6
CVE-2013-4247
3.8
CVE-2013-1059
3.1
3.3
3.5
CVE-2013-2852
2.6.12
3.1
3.3
3.5
CVE-2013-2850
3.1
3.3
3.5
CVE-2013-2094
3.1
3.3
3.5
CVE-2013-3301
3.1
3.3
3.5
CVE-2013-2596
2.6.12
3.1
3.3
3.5
CVE-2013-1860
3.1
3.3
3.5
CVE-2013-1828
3.8
CVE-2013-0913
2.6.37
3.1
3.3
3.5
CVE-2013-1763
3.3
3.5
3.8
CVE-2013-0871
3.5
CVE-2012-2137
2.6.33
3.1
3.3
CVE-2012-3412
3.1
3.3
3.5
CVE-2012-3400
3.1
3.4
CVE-2012-2136
3.1
3.3
CVE-2011-3188
6.0.0
10.1.0
11.0.0
11.0.0
10.0.0
11.0.0
10.1.0
11.0.0
10.0.0
11.0.0
10.0.0
11.0.0
10.0.0
11.0.0
10.0.0
11.0.0
10.0.0
11.0.0
10.0.0
11.0.0
2.1.0
6.0.0
CVE-2012-2123
3.1
3.3
CVE-2012-1097
3.1
CVE-2012-0207
3.1
3.2
CVE-2012-0044
3.1
CVE-2011-4326
6.0.0
CVE-2011-4112
6.0
6.0
6.0
6.0
6.0
6.0
CVE-2012-0056
2.6.39
3.1
CVE-2011-4330
3.1
CVE-2011-4077
2.6.12
3.1
CVE-2011-0695
2.6.0
CVE-2010-4526
2.6.11.1
CVE-2010-2959
2.6.32
2.6.34
2.6.35
CVE-2010-2803
2.6.32
2.6.34
2.6.35
CVE-2010-1087
2.6.0
CVE-2009-3612
2.6.0
CVE-2009-3228
2.4.0
2.6.0
CVE-2009-2903
2.4.0
2.6.0
CVE-2009-2692
2.4.4
2.6.0
CVE-2009-2287
2.6.0
CVE-2009-1961
2.6.27
2.6.29
CVE-2009-0935
2.6.27
2.6.28
CVE-2009-0322
2.6.28
CVE-2008-2931
10.3
CVE-2008-2812
3.1
CVE-2008-2136
2.4.0
2.6.0
CVE-2008-1375
2.6.0
CVE-2007-6206
2.4.0
2.6.0
CVE-2007-3945
2.6.0
CVE-2007-2875
2.6.21
CVE-2007-2172
2.4.0
2.6.0
CVE-2006-5173
2.4.0
CVE-2006-4093
2.4.0
2.6.0
CVE-2006-2935
2.2.16
CVE-2005-4347
2.0
CVE-2005-3847
2.6.11
CVE-2005-3181
2.6.0
CVE-2005-3119
2.6.10
CVE-2001-0907
2.2.1
2.4.1
CVE-2022-48916
5.12.19
5.13.4
5.14
5.16
CVE-2022-48915
5.9
5.11
5.16
CVE-2022-48914
4.19.226
5.4.174
5.10.94
5.15.17
5.16.3
CVE-2022-48913
5.12
5.16
CVE-2022-48912
4.14
4.15
4.20
5.5
5.11
5.16
CVE-2022-48911
2.6.29
4.10
4.15
4.20
5.5
5.11
5.16
CVE-2022-48910
3.18
4.10
4.15
5.5
5.11
5.16
CVE-2022-48909
5.3
5.11
5.16
CVE-2022-48908
3.18
4.10
4.15
4.20
5.5
5.11
5.16
CVE-2022-48907
5.11
5.16
CVE-2022-48906
5.12.4
5.13
5.16
